Date,Course,Off,Name,Type,Class,Pattern,Rating_Band,Age_Band,Sex_Rest,Dist,Dist_Y,Dist_M,Dist_F,Going,Num,Pos,Ran,Draw,Btn,Ovr_Btn,Horse,SP,Dec,Age,Sex,Wgt,Lbs,HG,Time,Jockey,Trainer,OR,RPR,TS,Prize,Sire,Dam,Damsire,Owner,Comment
2020-06-03,kempton-aw,1:00,Unibet Thanks The Frontline Workers Handicap,,Class 5,,0-75,3yo,,5f,1100,1006,5f,Standard To Slow,4,1,10,2,0,0,Never Dark (GB),2/1F,3.00,3,C,9-4,130,,0:59.67,David Probert,Andrew Balding,74,,,3493.26,No Nay Never (USA),Dark Missile (GB),Night Shift,J C Smith,Made all - ridden 2f out - kept on inside final furlong - always doing enough(op 7/4)
2020-06-03,kempton-aw,1:00,Unibet Thanks The Frontline Workers Handicap,,Class 5,,0-75,3yo,,5f,1100,1006,5f,Standard To Slow,6,2,10,1,1.25,1.25,Newyorkstateofmind (GB),3/1,4.00,3,G,9-4,130,,0:59.92,Martin Dwyer,William Muir,74,,,1039.50,Brazen Beau (AUS),Albany Rose (IRE),Noverre,Purple Lilac Racing Spotted Dog Pship,Took keen hold - reared start - soon pushed along - chased leaders on inner - switched left and ridden over 2f out - kept on well inside final furlong - went second towards finish - did well in the circumstances(op 4/1)
2020-06-03,kempton-aw,1:00,Unibet Thanks The Frontline Workers Handicap,,Class 5,,0-75,3yo,,5f,1100,1006,5f,Standard To Slow,9,3,10,5,1.5,2.75,Roman Melody (GB),12/1,13.00,3,G,9-3,129,,1:0.22,William Carson,David Elsworth,73,,,519.48,Holy Roman Emperor (IRE),Gift Of Music (IRE),Cadeaux Genereux,J C Smith,In rear - ridden briefly after 2f - ridden and outpaced over 2f out - kept on strongly from over 1f out - went third post(op 10/1)
2020-06-03,kempton-aw,1:00,Unibet Thanks The Frontline Workers Handicap,,Class 5,,0-75,3yo,,5f,1100,1006,5f,Standard To Slow,7,4,10,3,0.05,2.75,Spirit Of The Sky (GB),14/1,15.00,3,F,9-1,127,,1:0.23,Connor Murtagh,Richard Fahey,74,,,259.74,Swiss Spirit (GB),Clouds Rest (GB),Showcasing,Racegoers Club Owners Group,Hung left soon after start - tracked leaders - ridden 2f out - no extra final 110yds - lost third post (jockey said filly hung left-handed off the bend)(op 11/1)
2020-06-03,kempton-aw,1:00,Unibet Thanks The Frontline Workers Handicap,,Class 5,,0-75,3yo,,5f,1100,1006,5f,Standard To Slow,1,5,10,7,2.25,5,Colonel Whitehead (IRE),20/1,21.00,3,C,9-5,131,,1:0.67,George Wood,Heather Main,75,,,,Showcasing (GB),Lady Brigid (IRE),Holy Roman Emperor,Andrew Tuck And Wetumpka Racing,Close up - ridden over 2f out - no extra and weakened from over 1f out(tchd 22/1)
2020-06-03,kempton-aw,1:00,Unibet Thanks The Frontline Workers Handicap,,Class 5,,0-75,3yo,,5f,1100,1006,5f,Standard To Slow,10,6,10,4,2.25,7.25,Lady Fanditha (IRE),9/2,5.50,3,F,9-2,128,,1:1.12,Adam Kirby,Clive Cox,72,,,,Kodiac (GB),Lady Ro (GB),Showcasing,Peter Ridgers,Always towards rear - bumped and ridden soon after start - pushed along after 2f - ridden and outpaced 2f out - made no impression(op 5/1)
2020-06-03,kempton-aw,1:00,Unibet Thanks The Frontline Workers Handicap,,Class 5,,0-75,3yo,,5f,1100,1006,5f,Standard To Slow,3,7,10,9,0.2,7.5,Zulu Zander (IRE),50/1,51.00,3,G,9-5,131,,1:1.21,Harry Bentley,David Evans,75,,,,Bungle Inthejungle (GB),Fig Digliani (IRE),Fasliyev,John Wilcox P D Evans,Took keen hold - always towards rear - bit short of room and ridden after 2f - not pace to challenge(op 33/1)
2020-06-03,kempton-aw,1:00,Unibet Thanks The Frontline Workers Handicap,,Class 5,,0-75,3yo,,5f,1100,1006,5f,Standard To Slow,5,8,10,10,1.75,9.25,Dandizette (IRE),33/1,34.00,3,F,9-4,130,,1:1.52,Barry McHugh,Adrian Nicholls,74,,,,Dandy Man (IRE),Interlacing (GB),Oasis Dream,Northumbria Leisure Ltd,Edged left soon after start - chased leaders about four wide - ridden 2f out - soon weakened(op 20/1)
2020-06-03,kempton-aw,1:00,Unibet Thanks The Frontline Workers Handicap,,Class 5,,0-75,3yo,,5f,1100,1006,5f,Standard To Slow,2,9,10,6,1.25,10.5,Agent Shiftwell (GB),8/1,9.00,3,G,9-5,131,,1:1.77,Sean Levey,Stuart Williams,75,,,,Equiano (FR),Holley Shiftwell (GB),Bahamian Bounty,J W Parry,Took keen hold - chased leaders - ridden and no response 2f out - weakened over 1f out (jockey said gelding hung left-handed off the bend)(op 10/1)
2020-06-03,kempton-aw,1:00,Unibet Thanks The Frontline Workers Handicap,,Class 5,,0-75,3yo,,5f,1100,1006,5f,Standard To Slow,8,10,10,8,1.5,12,Port Winston (IRE),125/1,126.00,3,G,9-3,129,h,1:2.07,Lewis Edmunds,Milton Bradley,73,,,,Harbour Watch (IRE),Volkovkha (GB),Holy Roman Emperor,E A Hayward,Never better than mid-division - ridden and outpaced halfway - dropped to rear 2f out(op 66/1)
2020-06-03,kempton-aw,1:35,Unibet Money Back Free Bet If Second Handicap,,Class 4,,0-78,4yo+,,5f,1100,1006,5f,Standard To Slow,2,1,10,1,0,0,Han Solo Berger (IRE),9/2,5.50,5,G,9-5,131,,1:0.38,George Wood,Chris Wall,77,,,4690.02,Lord Shanakill (USA),Dreamaway (IRE),Oasis Dream,Mrs B Berresford,Close up - ridden over 1f out - kept on to lead final 110yds - all out
2020-06-03,kempton-aw,1:35,Unibet Money Back Free Bet If Second Handicap,,Class 4,,0-78,4yo+,,5f,1100,1006,5f,Standard To Slow,6,2,10,10,0.3,0.3,May Remain (GB),11/1,12.00,5,G,9-3,129,p,1:0.44,Pat Cosgrave,George Baker,75,,,1395.62,Mayson (GB),Ultimate Best (GB),Kings Best,Guards Club Racing Limited,Midfield - ridden and edged right over 1f out - kept on well inside final furlong - went second towards finish
2020-06-03,kempton-aw,1:35,Unibet Money Back Free Bet If Second Handicap,,Class 4,,0-78,4yo+,,5f,1100,1006,5f,Standard To Slow,7,3,10,8,.5,.75,Just Glamorous (IRE),12/1,13.00,7,G,9-3,129,,1:0.53,Rossa Ryan,Christopher Mason,75,,,697.45,Arcano (IRE),Glamorous Air (IRE),Air Express,Robert Nina Bailey,Started quickly - soon led - ridden from over 1f out - no extra and headed final 110yds - lost second towards finish
2020-06-03,kempton-aw,1:35,Unibet Money Back Free Bet If Second Handicap,,Class 4,,0-78,4yo+,,5f,1100,1006,5f,Standard To Slow,4,4,10,9,0.3,1,Peggie Sue (GB),25/1,26.00,5,M,9-3,129,,1:0.58,Tom Marquand,Adam West,75,,,348.73,Captain Gerrard (IRE),Aunt Minnie (GB),Night Shift,West Racing Partnership,In rear - ridden and headway from over 2f out - kept on well but edged right inside final furlong
2020-06-03,kempton-aw,1:35,Unibet Money Back Free Bet If Second Handicap,,Class 4,,0-78,4yo+,,5f,1100,1006,5f,Standard To Slow,5,5,10,4,1.75,2.75,Griggy (IRE),9/2,5.50,4,G,9-3,129,b,1:0.93,Adam Kirby,Sean Curran,75,,,,Dandy Man (IRE),Joint Destiny (IRE),Desert Prince,Power Geneva Ltd,Towards rear of midfield - going okay but not clear run under 2f out - switched left in the clear over 1f out - ridden and kept on inside final furlong - nearest finish
2020-06-03,kempton-aw,1:35,Unibet Money Back Free Bet If Second Handicap,,Class 4,,0-78,4yo+,,5f,1100,1006,5f,Standard To Slow,3,6,10,7,.5,3.25,Spirited Guest (GB),9/2,5.50,4,G,9-5,131,,1:1.03,Tom Queally,George Margarson,77,,,,Swiss Spirit (GB),Choisette (GB),Choisir,John Guest Racing,Close up about four wide - ridden over 1f out - weakened final 110yds
2020-06-03,kempton-aw,1:35,Unibet Money Back Free Bet If Second Handicap,,Class 4,,0-78,4yo+,,5f,1100,1006,5f,Standard To Slow,1,7,10,2,2.75,6,Pink Flamingo (GB),12/1,13.00,4,F,9-6,132,,1:1.58,Harry Bentley,Michael Attwater,78,,,,Dream Ahead (USA),Naivasha (GB),Captain Gerrard,Dare To Dream Racing,Midfield - pushed along and outpaced from over 1f out - stayed on inside final furlong
2020-06-03,kempton-aw,1:35,Unibet Money Back Free Bet If Second Handicap,,Class 4,,0-78,4yo+,,5f,1100,1006,5f,Standard To Slow,8,8,10,6,.5,6.5,Kodiak Attack (IRE),4/1F,5.00,4,G,9-2,128,,1:1.68,Jason Watson,Sylvester Kirk,74,,,,Kodiac (GB),Good Clodora (IRE),Red Clubs,Mrs J Fowler,Close up - nudged along 3f out - ridden from over 1f out - weakened inside final furlong
2020-06-03,kempton-aw,1:35,Unibet Money Back Free Bet If Second Handicap,,Class 4,,0-78,4yo+,,5f,1100,1006,5f,Standard To Slow,9,9,10,5,1.75,8.25,Waseem Faris (IRE),125/1,126.00,11,G,9-2,128,,1:2.03,Pat Dobbs,Milton Harris,74,,,,Exceed And Excel (AUS),Kissing Time (GB),Lugana Beach,M F Harris,Took keen hold - held up in rear - never on terms
2020-06-03,kempton-aw,1:35,Unibet Money Back Free Bet If Second Handicap,,Class 4,,0-78,4yo+,,5f,1100,1006,5f,Standard To Slow,10,10,10,3,9,17.25,You're Cool (GB),12/1,13.00,8,G,9-2,128,t,1:3.83,Lewis Edmunds,Derek Shaw,74,,,,Exceed And Excel (AUS),Ja One (IRE),Acclamation,D Bichan F Connor,Towards rear of midfield - nudged along 2f out - ridden from over 1f out - weakened quickly inside final furlong - eased - burst blood vessel
2020-06-03,kempton-aw,2:10,Unibet 3 Uniboosts A Day Confined Fillies Novice Stakes (Fillies That Have Run No More Than Once),,Class 5,,,3yo+,F,1m2f,2199,2011,10f,Standard To Slow,11,1,11,2,0,0,Shatha (USA),66/1,67.00,3,F,8-11,123,,2:6.77,Tom Marquand,Charles Hills,,,,3493.26,Muhaarar (GB),Lears Princess (USA),Lear Fan,Hamdan Al Maktoum,Chased leaders on inner - niggled along and headway 3f out - ridden and made strong challenge over 1f out - led final 110yds - just did enough(tchd 50/1)
2020-06-03,kempton-aw,2:10,Unibet 3 Uniboosts A Day Confined Fillies Novice Stakes (Fillies That Have Run No More Than Once),,Class 5,,,3yo+,F,1m2f,2199,2011,10f,Standard To Slow,8,2,11,1,0.1,0.1,Lightness (IRE),6/1,7.00,3,F,8-11,123,,2:6.81,Nicky Mackay,John Gosden,,,,1039.50,Shamardal (USA),Serene Beauty (USA),Street Cry,The Queen,Soon led - tracked leaders after 2f - ridden and made strong challenge under 2f out - led over 1f out - kept on but headed final 110yds(op 15/2 tchd 17/2)
2020-06-03,kempton-aw,2:10,Unibet 3 Uniboosts A Day Confined Fillies Novice Stakes (Fillies That Have Run No More Than Once),,Class 5,,,3yo+,F,1m2f,2199,2011,10f,Standard To Slow,10,3,11,12,2.5,2.5,Rozalia (GB),150/1,151.00,3,F,8-11,123,,2:7.27,George Wood,James Fanshawe,,,,519.48,Sir Percy (GB),Lady Stardust (GB),Spinning World,Somerton Sporting Club,Held up in rear on inner - headway but bit short of room 3f out - ridden and switched left under 2f out - kept on inside final furlong - no impression towards finish(op 100/1)
2020-06-03,kempton-aw,2:10,Unibet 3 Uniboosts A Day Confined Fillies Novice Stakes (Fillies That Have Run No More Than Once),,Class 5,,,3yo+,F,1m2f,2199,2011,10f,Standard To Slow,3,4,11,9,1.75,4.25,Asiaaf (GB),33/1,34.00,3,F,8-11,123,,2:7.62,Jim Crowley,Marcus Tregoning,,,,259.74,New Approach (IRE),Baqqa (IRE),Shamardal,Hamdan Al Maktoum,Held up in rear - pushed along and headway under 3f out - ridden from 2f out - switched right and kept on well over 1f out - went fourth final 110yds - promising(op 28/1)
2020-06-03,kempton-aw,2:10,Unibet 3 Uniboosts A Day Confined Fillies Novice Stakes (Fillies That Have Run No More Than Once),,Class 5,,,3yo+,F,1m2f,2199,2011,10f,Standard To Slow,4,5,11,3,1,5.25,Au Clair De Lune (IRE),80/1,81.00,3,F,8-11,123,,2:7.82,Harry Bentley,George Scott,,,,,Sea The Stars (IRE),Missunited (IRE),Golan,Mrs V B Hutch,Chased leaders - pushed along briefly 6f out - ridden and outpaced 2f out - kept on final furlong(op 50/1 tchd 100/1)
2020-06-03,kempton-aw,2:10,Unibet 3 Uniboosts A Day Confined Fillies Novice Stakes (Fillies That Have Run No More Than Once),,Class 5,,,3yo+,F,1m2f,2199,2011,10f,Standard To Slow,5,6,11,10,1,6.25,Dusk (IRE),10/1,11.00,3,F,8-11,123,,2:8.02,Ryan Moore,Sir Michael Stoute,,,,,Galileo (IRE),Dank (GB),Dansili,James Wigan,Tracked leader - ridden 3f out - no extra and weakened gradually from 2f out(op 7/1 tchd 11/1)
2020-06-03,kempton-aw,2:10,Unibet 3 Uniboosts A Day Confined Fillies Novice Stakes (Fillies That Have Run No More Than Once),,Class 5,,,3yo+,F,1m2f,2199,2011,10f,Standard To Slow,7,7,11,8,2.75,9,Horn Of Plenty (GB),40/1,41.00,3,F,8-11,123,,2:8.57,David Probert,Andrew Balding,,,,,Golden Horn (GB),Gaze (GB),Galileo,Mildmay Racing,Ran in snatches - awkward start - midfield - bit short of room under 4f out - soon ridden and outpaced - made no impression(op 33/1)
2020-06-03,kempton-aw,2:10,Unibet 3 Uniboosts A Day Confined Fillies Novice Stakes (Fillies That Have Run No More Than Once),,Class 5,,,3yo+,F,1m2f,2199,2011,10f,Standard To Slow,12,8,11,11,1.25,10.25,Sun Bear (GB),8/13F,1.62,3,F,8-11,123,,2:8.82,Frankie Dettori,John Gosden,,,,,Dubawi (IRE),Great Heavens (GB),Galileo,Lady Bamford,Led after 2f - ridden 2f out - headed over 1f out - weakened quickly inside final furlong (trainers rep could offer no explanation for the poor performance)(op 8/11)
2020-06-03,kempton-aw,2:10,Unibet 3 Uniboosts A Day Confined Fillies Novice Stakes (Fillies That Have Run No More Than Once),,Class 5,,,3yo+,F,1m2f,2199,2011,10f,Standard To Slow,2,9,11,5,6.5,16.75,Anointed (GB),22/1,23.00,3,F,8-11,123,,2:10.12,Kieran ONeill,John Gosden,,,,,Invincible Spirit (IRE),Sariska (GB),Pivotal,Lady Bamford,Took keen hold - dwelt start - towards rear - ridden over 3f out - raced wide home turn - hung right and weakened from under 2f out(op 20/1 tchd 25/1)
2020-06-03,kempton-aw,2:10,Unibet 3 Uniboosts A Day Confined Fillies Novice Stakes (Fillies That Have Run No More Than Once),,Class 5,,,3yo+,F,1m2f,2199,2011,10f,Standard To Slow,9,10,11,7,3.5,20.25,Quick Waltz (GB),50/1,51.00,3,F,8-11,123,,2:10.82,Jason Watson,Sir Michael Stoute,,,,,Australia (GB),Momentary (GB),Nayef,The Queen,Slowly into stride - soon ran green and became detached - ridden and headway over 5f out - pushed along over 3f out - weakened from 2f out (jockey said filly was slowly away and ran green)(op 40/1)
2020-06-03,kempton-aw,2:10,Unibet 3 Uniboosts A Day Confined Fillies Novice Stakes (Fillies That Have Run No More Than Once),,Class 5,,,3yo+,F,1m2f,2199,2011,10f,Standard To Slow,1,11,11,4,9,29.25,Divina Gloria (FR),9/2,5.50,3,F,9-4,130,,2:12.62,Andrea Atzeni,Kevin Ryan,,,,,Dabirsim (FR),Amouage (GER),Tiger Hill,Sheikh Mohammed Obaid Al Maktoum,Chased leaders - headway and close up over 6f out - ridden under 4f out - hung left home turn - weakened from under 2f out (jockey said filly hung badly left-handed round the bend)(op 4/1 tchd 5/1)
2020-06-03,kempton-aw,2:45,Unibet Classic Trial Stakes ,,Class 1,,,3yo,,1m2f,2199,2011,10f,Standard To Slow,2,1,9,6,0,0,Berlin Tango (GB),7/1,8.00,3,C,9-1,127,,2:6.70,David Probert,Andrew Balding,98,,,20982.70,Dansili (GB),Fantasia (GB),Sadlers Wells,George Strawbridge,Took keen hold - chased leaders - headway going best from 3f out - ridden and led under 2f out - edged left but kept on well inside final furlong - always doing enough(op 15/2)
2020-06-03,kempton-aw,2:45,Unibet Classic Trial Stakes ,,Class 1,,,3yo,,1m2f,2199,2011,10f,Standard To Slow,7,2,9,11,1.25,1.25,Pyledriver (GB),40/1,41.00,3,C,9-1,127,,2:6.95,Martin Dwyer,William Muir,103,,,7955,Harbour Watch (IRE),La Pyle (FR),Le Havre,Knox Wells Limited And R W Devlin,Held up in rear - pushed along over 4f out - bit short of room over 3f out - ridden and good headway from over 2f out - went second inside final furlong - always held(op 25/1)
2020-06-03,kempton-aw,2:45,Unibet Classic Trial Stakes ,,Class 1,,,3yo,,1m2f,2199,2011,10f,Standard To Slow,3,3,9,4,2.75,4,Bright Melody (IRE),9/2,5.50,3,G,9-1,127,,2:7.50,William Buick,Charlie Appleby,,,,3981.20,Dubawi (IRE),Lyric Of Light (GB),Street Cry,Godolphin,Slowly into stride - pushed along soon after start - midfield - bit short of room 3f out - soon ridden - kept on well from over 1f out - went third towards finish(op 6/1)
2020-06-03,kempton-aw,2:45,Unibet Classic Trial Stakes ,,Class 1,,,3yo,,1m2f,2199,2011,10f,Standard To Slow,5,4,9,7,.75,4.75,Hypothetical (IRE),15/8F,2.88,3,C,9-1,127,,2:7.65,Frankie Dettori,John Gosden,,,,1983.20,Lope De Vega (IRE),Peut Etre (IRE),Whipper,Sheikh Hamdan Bin Mohammed Al Maktoum,Took keen hold - close up - ridden and every chance under 2f out - no extra and weakened from 1f out(op 9/4)
2020-06-03,kempton-aw,2:45,Unibet Classic Trial Stakes ,,Class 1,,,3yo,,1m2f,2199,2011,10f,Standard To Slow,6,5,9,10,1.25,6,Max Vega (IRE),100/30,4.33,3,C,9-1,127,,2:7.90,Harry Bentley,Ralph Beckett,110,,,995.30,Lope De Vega (IRE),Paraphernalia (IRE),Dalakhani,The Pickford Hill Partnership,Towards rear - nudged along after 2f - good headway on outer 5f out - ridden under 3f out - outpaced and weakened from 2f out(tchd 3/1 and tchd 7/2)
2020-06-03,kempton-aw,2:45,Unibet Classic Trial Stakes ,,Class 1,,,3yo,,1m2f,2199,2011,10f,Standard To Slow,11,6,9,1,1.5,7.5,Chamade (GB),100/1,101.00,3,F,8-12,124,b,2:8.20,Richard Kingscote,Ralph Beckett,,,,499.50,Sepoy (AUS),Colima (IRE),Authorized,Mr And Mrs David Aykroyd,Led - ridden over 2f out - soon headed and weakened(tchd 125/1)
2020-06-03,kempton-aw,2:45,Unibet Classic Trial Stakes ,,Class 1,,,3yo,,1m2f,2199,2011,10f,Standard To Slow,10,7,9,8,.5,8,Born With Pride (IRE),5/1,6.00,3,F,8-12,124,,2:8.30,Tom Marquand,William Haggas,,,,,Born To Sea (IRE),Jumooh (GB),Monsun,Sunderland Holding Inc,Slowly into stride - held up in rear - pushed along 4f out - outpaced and raced wide home turn - kept on but no impression inside final furlong (jockey said filly was slowly away)(op 3/1 tchd 11/2)
2020-06-03,kempton-aw,2:45,Unibet Classic Trial Stakes ,,Class 1,,,3yo,,1m2f,2199,2011,10f,Standard To Slow,1,8,9,2,4.5,12.5,Night Colours (IRE),40/1,41.00,3,F,9-2,128,,2:9.20,Jim Crowley,Simon & Ed Crisford,101,,,,Night Of Thunder (IRE),Many Colours (GB),Green Desert,Hussain Alabbas Lootah,Chased leaders on inner - ridden 4f out - weakened over 2f out(tchd 33/1)
2020-06-03,kempton-aw,2:45,Unibet Classic Trial Stakes ,,Class 1,,,3yo,,1m2f,2199,2011,10f,Standard To Slow,8,9,9,9,2,14.5,Tom Collins (GB),50/1,51.00,3,C,9-1,127,,2:9.60,William Carson,David Elsworth,84,,,,Dubawi (IRE),Cocktail Queen (IRE),Motivator,J C Smith,Chased leaders - ridden 4f out - weakened from over 2f out(op 33/1)
2020-06-03,kempton-aw,3:20,Unibet Extra Place Offers Every Day Handicap,,Class 5,,0-72,4yo+,,7f,1540,1408,7f,Standard To Slow,4,1,11,4,0,0,Gossiping (GB),13/8F,2.62,8,G,9-3,129,,1:26.23,Andrea Atzeni,Gary Moore,72,,,3493.26,Dubawi (IRE),Gossamer (GB),Sadlers Wells,The Buckwell Boys,Took keen hold - held up in midfield - going easily 2f out - headway over 1f out - pushed along to lead inside final furlong - ridden towards finish - always doing enough (trainer said - regards the apparent improvement in form - the gelding always comes to hand at this time of year and benefitted from the drop in grade)
2020-06-03,kempton-aw,3:20,Unibet Extra Place Offers Every Day Handicap,,Class 5,,0-72,4yo+,,7f,1540,1408,7f,Standard To Slow,7,2,11,9,.5,.5,Plunger (GB),4/1,5.00,5,G,9-2,128,,1:26.33,Lewis Edmunds,John Butler,71,,,1039.50,Helmet (AUS),Percolator (GB),Kheleyf,J Butler,Close up - ridden and led under 2f out - headed inside final furlong - no extra inside final 110yds
2020-06-03,kempton-aw,3:20,Unibet Extra Place Offers Every Day Handicap,,Class 5,,0-72,4yo+,,7f,1540,1408,7f,Standard To Slow,2,3,11,1,.75,1.25,Suzi's Connoisseur (GB),33/1,34.00,9,G,9-3,129,p,1:26.48,J F Egan,Jane Chapple-Hyam,72,,,519.48,Art Connoisseur (IRE),Suzi Spends (IRE),Royal Applause,Mrs Jane Chapple Hyam,Midfield on inner - switched left and headway 2f out - ridden over 1f out - kept on well inside final furlong - went third towards finish
2020-06-03,kempton-aw,3:20,Unibet Extra Place Offers Every Day Handicap,,Class 5,,0-72,4yo+,,7f,1540,1408,7f,Standard To Slow,10,4,11,5,0.1,1.25,Oloroso (IRE),7/2,4.50,4,G,8-13,125,,1:26.50,Joshua Bryan,Andrew Balding,71,,,259.74,Fast Company (IRE),Convidada (IRE),Trans Island,Roger Hetherington Jeremy Carey,Took keen hold - towards rear of midfield - going okay on inner 2f out - ridden and headway from over 1f out - no extra final 110yds - lost third towards finish
2020-06-03,kempton-aw,3:20,Unibet Extra Place Offers Every Day Handicap,,Class 5,,0-72,4yo+,,7f,1540,1408,7f,Standard To Slow,12,5,11,7,4.25,5.5,Sir Roderic (IRE),80/1,81.00,7,G,9-2,128,,1:27.33,Jason Watson,Rod Millman,71,,,,Roderic OConnor (IRE),Begin The Beguine (IRE),Peintre Celebre,Exors Late D Little Links Partnership,Close up - ridden and every chance under 2f out - weakened inside final furlong - eased towards finish
2020-06-03,kempton-aw,3:20,Unibet Extra Place Offers Every Day Handicap,,Class 5,,0-72,4yo+,,7f,1540,1408,7f,Standard To Slow,6,6,11,6,0.3,6,Sea Fox (IRE),16/1,17.00,6,G,9-2,128,,1:27.43,Richard Kingscote,David Evans,71,,,,Kodiac (GB),City Maiden (USA),Carson City,Eric Griffiths P D Evans,Slowly into stride - in rear - going okay under 3f out - pushed along 2f out - ridden and headway on inner from over 1f out - kept on well inside final furlong - never on terms
2020-06-03,kempton-aw,3:20,Unibet Extra Place Offers Every Day Handicap,,Class 5,,0-72,4yo+,,7f,1540,1408,7f,Standard To Slow,8,7,11,10,1.75,7.75,How Bizarre (GB),40/1,41.00,5,G,9-2,128,,1:27.78,Adam Kirby,Liam Bailey,71,,,,Society Rock (IRE),Amanda Carter (GB),Tobougg,Harswell Thoroughbred Racing Fpr Ltd,Close up - ridden 2f out - weakened from over 1f out
2020-06-03,kempton-aw,3:20,Unibet Extra Place Offers Every Day Handicap,,Class 5,,0-72,4yo+,,7f,1540,1408,7f,Standard To Slow,3,8,11,8,1.75,9.5,Shyron (GB),100/1,101.00,9,G,9-3,129,,1:28.13,Joey Haynes,Lee Carter,72,,,,Byron (GB),Coconut Shy (GB),Bahamian Bounty,John Joseph Smith,Dwelt start - in rear - ridden briefly soon after start - niggled along after 1f - going okay over 2f out - headway but slightly hampered from over 1f out - kept on (jockey said gelding suffered minor interference approximately a furlong out)
2020-06-03,kempton-aw,3:20,Unibet Extra Place Offers Every Day Handicap,,Class 5,,0-72,4yo+,,7f,1540,1408,7f,Standard To Slow,1,9,11,2,0.2,9.5,Venture (IRE),20/1,21.00,4,G,9-3,129,,1:28.17,Tom Marquand,Tom Ward,72,,,,Showcasing (GB),Starfly (IRE),Invincible Spirit,Charlie Rosier Mrs Julia Rosier,Midfield - ridden and some headway 2f out - soon weakened
2020-06-03,kempton-aw,3:20,Unibet Extra Place Offers Every Day Handicap,,Class 5,,0-72,4yo+,,7f,1540,1408,7f,Standard To Slow,11,10,11,3,3.5,13,Merweb (IRE),10/1,11.00,5,G,9-2,128,b,1:28.83,George Wood,Heather Main,71,,,,Shamardal (USA),Ashley Hall (USA),Marias Mon,Stuart Mercer And John Gent,Close up on outer - ridden over 2f out - weakened from over 1f out
2020-06-03,kempton-aw,3:20,Unibet Extra Place Offers Every Day Handicap,,Class 5,,0-72,4yo+,,7f,1540,1408,7f,Standard To Slow,9,11,11,12,11,24,Imhotep (GB),100/1,101.00,4,G,9-2,128,,1:31.03,Callum Shepherd,Milton Bradley,71,,,,Kingman (GB),African Rose (GB),Observatory,J M Bradley,Soon led - ridden and headed under 2f out - weakened quickly from over 1f out - eased - headway from over 1f out
2020-06-03,kempton-aw,3:55,EBF/Unibet Snowdrop Fillies Stakes (Listed Race),,Class 1,Listed,,3yo+,F,1m,1760,1609,8f,Standard To Slow,9,1,14,13,0,0,Nazeef (GB),4/1,5.00,4,F,9-7,133,,1:38.15,Jim Crowley,John Gosden,105,,,17296.55,Invincible Spirit (IRE),Handassa (GB),Dubawi,Hamdan Al Maktoum,Took keen hold - midfield - dropped to rear over 4f out - headway on outer over 2f out - ridden over 1f out - kept on strongly inside final furlong - led towards finish - cosily
2020-06-03,kempton-aw,3:55,EBF/Unibet Snowdrop Fillies Stakes (Listed Race),,Class 1,Listed,,3yo+,F,1m,1760,1609,8f,Standard To Slow,1,2,14,4,.75,.75,Billesdon Brook (GB),7/2,4.50,5,M,10-0,140,,1:38.30,Sean Levey,Richard Hannon,116,,,6557.50,Champs Elysees (GB),Coplow (GB),Manduro,Mrs R J Mccreery,Close up - pushed along to lead over 1f out - ridden inside final furlong - headed towards finish
2020-06-03,kempton-aw,3:55,EBF/Unibet Snowdrop Fillies Stakes (Listed Race),,Class 1,Listed,,3yo+,F,1m,1760,1609,8f,Standard To Slow,12,3,14,9,1.25,2,Shepherd Market (IRE),50/1,51.00,5,M,9-7,133,,1:38.55,Andrea Atzeni,Sir Michael Stoute,95,,,3281.80,Reckless Abandon (GB),Shepherdia (IRE),Pivotal,Miss Jessica Slack,In rear - headway on outer 2f out - ridden over 1f out - kept on strongly inside final furlong - went third final strides - eyecatcher
2020-06-03,kempton-aw,3:55,EBF/Unibet Snowdrop Fillies Stakes (Listed Race),,Class 1,Listed,,3yo+,F,1m,1760,1609,8f,Standard To Slow,6,4,14,5,0.1,2,Foxtrot Lady (GB),40/1,41.00,5,M,9-7,133,,1:38.57,David Probert,Andrew Balding,97,,,1634.80,Foxwedge (AUS),Strictly Dancing (IRE),Danehill Dancer,J C Smith,Midfield - pushed along 2f out - ridden over 1f out - kept on well inside final furlong - went third final strides - lost third final stride
2020-06-03,kempton-aw,3:55,EBF/Unibet Snowdrop Fillies Stakes (Listed Race),,Class 1,Listed,,3yo+,F,1m,1760,1609,8f,Standard To Slow,10,5,14,11,0.05,2.25,Posted (GB),33/1,34.00,4,F,9-7,133,,1:38.61,Tom Marquand,Richard Hannon,97,,,820.45,Kingman (GB),Time Away (IRE),Darshaan,R Barnett,Slowly into stride - towards rear of midfield after 1f - switched right and headway under 2f out - ridden 1f out - kept on but edged left inside final furlong
2020-06-03,kempton-aw,3:55,EBF/Unibet Snowdrop Fillies Stakes (Listed Race),,Class 1,Listed,,3yo+,F,1m,1760,1609,8f,Standard To Slow,13,6,14,1,.75,3,Viva Gloria (GER),33/1,34.00,5,M,9-7,133,h1,1:38.75,J F Egan,Jane Chapple-Hyam,96,,,411.75,Reliable Man (GB),Vive La Reine (GER),Big Shuffle,Ms Catherine Hains,Took keen hold - close up - ridden over 1f out - kept on inside final furlong
2020-06-03,kempton-aw,3:55,EBF/Unibet Snowdrop Fillies Stakes (Listed Race),,Class 1,Listed,,3yo+,F,1m,1760,1609,8f,Standard To Slow,2,7,14,14,.5,3.5,Agincourt (IRE),40/1,41.00,5,M,9-10,136,,1:38.85,Shane Gray,David OMeara,100,,,,Declaration Of War (USA),El Diamante (FR),Royal Applause,Sir Robert Ogden,Close up on outer - ridden and no extra from over 1f out
2020-06-03,kempton-aw,3:55,EBF/Unibet Snowdrop Fillies Stakes (Listed Race),,Class 1,Listed,,3yo+,F,1m,1760,1609,8f,Standard To Slow,4,8,14,10,1.25,4.75,Audarya (FR),12/1,13.00,4,F,9-7,133,,1:39.10,Daniel Muscutt,James Fanshawe,101,,,,Wootton Bassett (GB),Green Bananas (FR),Green Tune,Mrs A M Swinburn,Held up in last - pushed along and headway under 2f out - switched right and ridden 1f out - kept on inside final furlong - nearest finish - eyecatcher
2020-06-03,kempton-aw,3:55,EBF/Unibet Snowdrop Fillies Stakes (Listed Race),,Class 1,Listed,,3yo+,F,1m,1760,1609,8f,Standard To Slow,7,9,14,8,.75,5.5,Iconic Choice (GB),100/1,101.00,4,F,9-7,133,,1:39.25,Richard Kingscote,Tom Dascombe,97,,,,Sixties Icon (GB),Adorable Choice (IRE),Choisir,John Brown,In rear - pushed along on inner 2f out - ridden over 1f out - stayed on inside final furlong - nearest finish
2020-06-03,kempton-aw,3:55,EBF/Unibet Snowdrop Fillies Stakes (Listed Race),,Class 1,Listed,,3yo+,F,1m,1760,1609,8f,Standard To Slow,3,10,14,3,.5,6,Scentasia (GB),7/4F,2.75,4,F,9-10,136,,1:39.35,Frankie Dettori,John Gosden,104,,,,Cape Cross (IRE),Sweet Rose (GB),New Approach,Sheikh Juma Dalmook Al Maktoum,Led about five wide early - pushed along on inner 2f out - soon headed - weakened from over 1f out
2020-06-03,kempton-aw,3:55,EBF/Unibet Snowdrop Fillies Stakes (Listed Race),,Class 1,Listed,,3yo+,F,1m,1760,1609,8f,Standard To Slow,5,11,14,2,0.2,6,Dean Street Doll (IRE),66/1,67.00,4,F,9-7,133,,1:39.39,Jason Watson,David Menuisier,95,,,,Oasis Dream (GB),Soho Rose (IRE),Hernando,Clive Washbourn,Close up - pushed along 2f out - ridden and weakened from over 1f out
2020-06-03,kempton-aw,3:55,EBF/Unibet Snowdrop Fillies Stakes (Listed Race),,Class 1,Listed,,3yo+,F,1m,1760,1609,8f,Standard To Slow,11,12,14,6,0.05,6.25,Romola (GB),10/1,11.00,4,F,9-7,133,v,1:39.41,Ryan Moore,Sir Michael Stoute,95,,,,Pivotal (GB),Dianora (GB),New Approach,Cheveley Park Stud,Midfield - hampered over 4f out - ridden over 1f out - weakened inside final furlong
2020-06-03,kempton-aw,3:55,EBF/Unibet Snowdrop Fillies Stakes (Listed Race),,Class 1,Listed,,3yo+,F,1m,1760,1609,8f,Standard To Slow,8,13,14,12,2,8.25,Natalie's Joy (GB),40/1,41.00,4,F,9-7,133,,1:39.80,Joe Fanning,Mark Johnston,98,,,,Lope De Vega (IRE),Semaphore (GB),Zamindar,Merriebelle Stable S Chappell,Close up on outer - pushed along 2f out - weakened over 1f out
2020-06-03,kempton-aw,3:55,EBF/Unibet Snowdrop Fillies Stakes (Listed Race),,Class 1,Listed,,3yo+,F,1m,1760,1609,8f,Standard To Slow,14,14,14,7,4,12.25,Sesame Birah (IRE),100/1,101.00,3,F,8-10,122,,1:40.60,Pat Dobbs,Richard Hannon,95,,,,Gregorian (IRE),Limousine (GB),Beat Hollow,Middleham Park Racing Xxiv,In rear - niggled along briefly 4f out - ridden and no impression from over 1f out
2020-06-03,kempton-aw,4:30,Unibet Casino Deposit £10 Get £40 Bonus Handicap,,Class 4,,0-78,4yo+,,1m,1760,1609,8f,Standard To Slow,7,1,11,10,0,0,Hieronymus (GB),10/1,11.00,4,G,9-4,130,p,1:37.78,Nicola Currie,George Baker,77,,,4690.02,Dutch Art (GB),Sleek (GB),Oasis Dream,Mrs Pao Stafford Tucker,Made virtually all - ridden and faced strong challenge 2f out - kept on strongly and went clear from over 1f out - comfortably(op 17/2 tchd 8/1)
2020-06-03,kempton-aw,4:30,Unibet Casino Deposit £10 Get £40 Bonus Handicap,,Class 4,,0-78,4yo+,,1m,1760,1609,8f,Standard To Slow,2,2,11,6,4.25,4.25,Marshal Dan (IRE),11/1,12.00,5,G,9-5,131,,1:38.63,George Wood,Heather Main,78,,,1395.62,Lawman (FR),Aunt Nicola (GB),Reel Buddy,Coxwell Partnership,Tracked leaders - made challenge going best 2f out - soon ridden - kept on but no chance with winner from over 1f out(tchd 12/1)
2020-06-03,kempton-aw,4:30,Unibet Casino Deposit £10 Get £40 Bonus Handicap,,Class 4,,0-78,4yo+,,1m,1760,1609,8f,Standard To Slow,8,3,11,3,2.5,6.75,Lethal Missile (IRE),7/2,4.50,4,G,9-3,129,p1,1:39.13,Adam Kirby,Clive Cox,76,,,697.45,Lethal Force (IRE),Lostintheclouds (GB),Firebreak,B Allen G Hill N Wagland,Chased leaders - ridden over 2f out - kept on(op 9/2)
2020-06-03,kempton-aw,4:30,Unibet Casino Deposit £10 Get £40 Bonus Handicap,,Class 4,,0-78,4yo+,,1m,1760,1609,8f,Standard To Slow,6,4,11,2,0.2,7,Toronado Queen (IRE),18/1,19.00,4,F,9-4,130,,1:39.22,Barry McHugh,Richard Fahey,77,,,348.73,Toronado (IRE),Queenofthenorth (IRE),Halling,Richard Fahey Ebor Racing Club Ltd,Midfield on inner - headway over 2f out - soon ridden - kept on - not pace to challenge(tchd 20/1)
2020-06-03,kempton-aw,4:30,Unibet Casino Deposit £10 Get £40 Bonus Handicap,,Class 4,,0-78,4yo+,,1m,1760,1609,8f,Standard To Slow,3,5,11,5,4.5,11.5,Highfaluting (IRE),11/4F,3.75,6,G,9-5,131,,1:40.08,Andrea Atzeni,James Eustace,78,,,,High Chaparral (IRE),Walk On Water (GB),Exceed And Excel,David Batten,Slowly into stride - midfield - ridden and some headway over 2f out - no impression from over 1f out(op 3/1 tchd 10/3)
2020-06-03,kempton-aw,4:30,Unibet Casino Deposit £10 Get £40 Bonus Handicap,,Class 4,,0-78,4yo+,,1m,1760,1609,8f,Standard To Slow,5,6,11,11,.75,12.25,Earth And Sky (USA),7/1,8.00,4,F,9-4,130,,1:40.23,Harry Bentley,George Scott,77,,,,Noble Mission (GB),Youre So Sweet (USA),Storm Cat,Flaxman Stables Ireland Ltd,Slowly into stride - always towards rear - ridden under 3f out - never on terms(op 15/2 tchd 17/2)
2020-06-03,kempton-aw,4:30,Unibet Casino Deposit £10 Get £40 Bonus Handicap,,Class 4,,0-78,4yo+,,1m,1760,1609,8f,Standard To Slow,10,7,11,8,1.5,13.75,Dubai Acclaim (IRE),22/1,23.00,5,G,8-13,125,p,1:40.53,Connor Murtagh,Richard Fahey,75,,,,Acclamation (GB),Bahati (IRE),Intikhab,S G Clayton 1,Took keen hold - slowly into stride - towards rear - some headway when bit short of room under 3f out - soon ridden - no extra and weakened from 2f out(op 18/1)
2020-06-03,kempton-aw,4:30,Unibet Casino Deposit £10 Get £40 Bonus Handicap,,Class 4,,0-78,4yo+,,1m,1760,1609,8f,Standard To Slow,9,8,11,9,0.2,14,Leo Davinci (USA),50/1,51.00,4,G,9-2,128,,1:40.62,Tom Marquand,Mark Loughnane,75,,,,Artie Schiller (USA),Sweet Temper (USA),Stormy Atlantic,Racing Facades Syndicate,Always towards rear - ridden under 3f out - made no impression(op 33/1)
2020-06-03,kempton-aw,4:30,Unibet Casino Deposit £10 Get £40 Bonus Handicap,,Class 4,,0-78,4yo+,,1m,1760,1609,8f,Standard To Slow,11,9,11,1,5,19,Purgatory (GB),9/2,5.50,4,G,9-2,128,,1:41.58,Pat Cosgrave,Chris Wall,75,,,,Dark Angel (IRE),Meet Me Halfway (GB),Exceed And Excel,Des Thurlby,Slowly into stride - in rear - ridden 3f out - soon bit short of room - weakened over 1f out - beaten when eased inside final furlong (trainer said - regards the poor performance - gelding would benefit from the re-application of blinkers next time out)(tchd 4/1)
2020-06-03,kempton-aw,4:30,Unibet Casino Deposit £10 Get £40 Bonus Handicap,,Class 4,,0-78,4yo+,,1m,1760,1609,8f,Standard To Slow,4,10,11,4,2.75,21.75,Madeleine Bond (GB),16/1,17.00,6,M,9-4,130,,1:42.13,David Probert,Henry Candy,77,,,,Monsieur Bond (IRE),Spin A Wish (GB),Captain Rio,Candy Pritchard Thomas,Always towards rear - ridden over 4f out - made no impression(op 12/1)
2020-06-03,kempton-aw,4:30,Unibet Casino Deposit £10 Get £40 Bonus Handicap,,Class 4,,0-78,4yo+,,1m,1760,1609,8f,Standard To Slow,12,11,11,12,9.5,31.25,Daddy's Daughter (CAN),25/1,26.00,5,M,9-2,128,ht1,1:44.03,George Downing,Dean Ivory,75,,,,Scat Daddy (USA),Golden Stripe (CAN),El Corredor,Heather Michael Yarrow,Close up - hung left before halfway - ridden 3f out - weakened quickly over 2f out(op 28/1)
2020-06-03,kempton-aw,5:05,Unibet 3 Uniboosts A Day Handicap,,Class 6,,0-65,4yo+,,1m,1760,1609,8f,Standard To Slow,9,1,12,9,0,0,Roller (GB),12/1,13.00,7,G,9-3,129,p,1:39.47,Dougie Costello,Mark Loughnane,64,,,2781.67,Rail Link (GB),Buffering (GB),Beat Hollow,Over The Moon Racing,Held up in rear - going okay 2f out - switched right and good headway over 1f out - pushed along to lead inside final furlong - went clear towards finish - readily(op 11/1 tchd 14/1)
2020-06-03,kempton-aw,5:05,Unibet 3 Uniboosts A Day Handicap,,Class 6,,0-65,4yo+,,1m,1760,1609,8f,Standard To Slow,2,2,12,11,3,3,Andaleep (IRE),10/1,11.00,4,G,9-4,130,,1:40.07,Liam Keniry,Graeme McPherson,65,,,827.75,Siyouni (FR),Oriental Magic (GER),Doyen,Finch Forbes Mcpherson,Tracked leader - ridden over 1f out - kept on inside final furlong - no match for winner
2020-06-03,kempton-aw,5:05,Unibet 3 Uniboosts A Day Handicap,,Class 6,,0-65,4yo+,,1m,1760,1609,8f,Standard To Slow,8,3,12,2,0.3,3.25,Catch My Breath (GB),7/1,8.00,4,G,9-3,129,,1:40.12,Tom Queally,John Ryan,64,,,413.66,Bated Breath (GB),Likeable (GB),Dalakhani,The Out Of Puff Partnership,Raced in last - headway on outer 2f out - ridden over 1f out - kept on inside final furlong - went third towards finish(op 10/1)
2020-06-03,kempton-aw,5:05,Unibet 3 Uniboosts A Day Handicap,,Class 6,,0-65,4yo+,,1m,1760,1609,8f,Standard To Slow,3,4,12,5,.5,3.75,Steal The Scene (IRE),10/1,11.00,8,G,9-3,129,tp,1:40.22,Rossa Ryan,Kevin Frost,64,,,206.83,Lord Shanakill (USA),Namoos (USA),Sahm,Curzon House Partnership Friends,Midfield - pushed along 2f out - ridden and switched left over 1f out - kept on inside final furlong - went fourth towards finish
2020-06-03,kempton-aw,5:05,Unibet 3 Uniboosts A Day Handicap,,Class 6,,0-65,4yo+,,1m,1760,1609,8f,Standard To Slow,11,5,12,1,.5,4.25,The Warrior (IRE),13/2,7.50,8,G,9-2,128,,1:40.32,Daniel Muscutt,Lee Carter,63,,,,Exceed And Excel (AUS),Aymara (GB),Darshaan,Peter Clarke Racing Partners,Swerved left start - tracked leader - ridden and headway over 1f out - no extra inside final furlong - lost two places towards finish (jockey said gelding jumped left leaving the stalls)(op 6/1 tchd 11/2)
2020-06-03,kempton-aw,5:05,Unibet 3 Uniboosts A Day Handicap,,Class 6,,0-65,4yo+,,1m,1760,1609,8f,Standard To Slow,10,6,12,3,.5,4.75,Bug Boy (IRE),50/1,51.00,4,G,9-2,128,,1:40.42,Joey Haynes,Tony Newcombe,63,,,,Big Bad Bob (IRE),Velvetina (IRE),Barathea,Dr S P Hargreaves,In rear - ridden and headway on inner over 1f out - stayed on inside final furlong
2020-06-03,kempton-aw,5:05,Unibet 3 Uniboosts A Day Handicap,,Class 6,,0-65,4yo+,,1m,1760,1609,8f,Standard To Slow,6,7,12,7,.75,5.5,Al Daiha (GB),9/4F,3.25,4,F,9-3,129,,1:40.57,Tom Marquand,Ed Walker,64,,,,Olympic Glory (IRE),Alpen Glen (GB),Halling,Al Shaqab Racing,Close up - pushed along over 2f out - ridden over 1f out - weakened inside final furlong
2020-06-03,kempton-aw,5:05,Unibet 3 Uniboosts A Day Handicap,,Class 6,,0-65,4yo+,,1m,1760,1609,8f,Standard To Slow,7,8,12,4,2,7.5,Sir Plato (IRE),8/1,9.00,6,G,9-3,129,,1:40.97,Adam Kirby,Rod Millman,64,,,,Sir Prancealot (IRE),Dessert Flower (IRE),Intikhab,M J Tidball B R Millman,Soon led - ridden over 1f out - headed and weakened inside final furlong(op 15/2)
2020-06-03,kempton-aw,5:05,Unibet 3 Uniboosts A Day Handicap,,Class 6,,0-65,4yo+,,1m,1760,1609,8f,Standard To Slow,1,9,12,6,1,8.5,Mystiquestar (IRE),15/2,8.50,4,F,9-4,130,,1:41.17,Jason Watson,Roger Charlton,65,,,,Sea The Stars (IRE),Magique (IRE),Jeremy,Miss Yvonne Jacques,Took keen hold - close up - ridden and edged right over 1f out - soon weakened(op 5/1 tchd 8/1)
2020-06-03,kempton-aw,5:05,Unibet 3 Uniboosts A Day Handicap,,Class 6,,0-65,4yo+,,1m,1760,1609,8f,Standard To Slow,5,10,12,10,.5,9,New Look (FR),125/1,126.00,5,G,9-0,126,p,1:41.27,Harrison Shaw,Lisa Williamson,64,,,,Style Vendome (FR),Taras Force (IRE),Acclamation,Mrs Lisa Williamson,Took keen hold - midfield - outpaced 2f out - made no impression(op 80/1)
2020-06-03,kempton-aw,5:05,Unibet 3 Uniboosts A Day Handicap,,Class 6,,0-65,4yo+,,1m,1760,1609,8f,Standard To Slow,4,11,12,12,3.75,12.75,The Stalking Moon (IRE),66/1,67.00,6,M,9-0,126,p,1:42.02,William Cox,Mark Usher,64,,,,Arcano (IRE),Cornakill (USA),Stormin Fever,Champagne And Shambles,Tracked leader - pushed along over 2f out - weakened from over 1f out(op 50/1)
2020-06-03,kempton-aw,5:05,Unibet 3 Uniboosts A Day Handicap,,Class 6,,0-65,4yo+,,1m,1760,1609,8f,Standard To Slow,12,12,12,8,11,23.75,Topology (GB),22/1,23.00,7,G,9-2,128,,1:44.22,Rob Hornby,Joseph Tuite,63,,,,Passing Glance (GB),Bold Byzantium (GB),Bold Arrangement,The Singleton Park Partnership 2,In rear - niggled along after 1f - some headway over 2f out - weakened from over 1f out - eased(tchd 25/1)
2020-06-03,kempton-aw,5:40,Unibet Handicap,,Class 6,,0-60,4yo+,,6f,1320,1207,6f,Standard To Slow,6,1,10,9,0,0,Sepahi (GB),9/1,10.00,4,F,9-2,128,p,1:12.56,David Probert,Shaun Keightley,59,,,2781.67,Sepoy (AUS),Katevan (IRE),Heliostatic,Mrs Shelley Tucker Partnership,Slowly into stride - towards rear - ridden 3f out - headway from 2f out - led inside final furlong - kept on well towards finish
2020-06-03,kempton-aw,5:40,Unibet Handicap,,Class 6,,0-60,4yo+,,6f,1320,1207,6f,Standard To Slow,9,2,10,10,1.5,1.5,Under Curfew (GB),11/1,12.00,4,G,9-2,128,,1:12.86,Rob Hornby,Tony Carroll,59,,,827.75,Stimulation (IRE),Thicket (GB),Wolfhound,Mark Wellbelove,Close up - ridden over 2f out - every chance over 1f out - kept on
2020-06-03,kempton-aw,5:40,Unibet Handicap,,Class 6,,0-60,4yo+,,6f,1320,1207,6f,Standard To Slow,2,3,10,7,3,4.5,It Must Be Faith (GB),33/1,34.00,10,G,9-3,129,v,1:13.46,Jane Elliott,Michael Appleby,60,,,413.66,Mount Nelson (GB),Purple Rain (IRE),Celtic Swing,Mick Appleby Racing,Led - ridden 2f out - edged left over 1f out - no extra and headed inside final furlong (jockey said gelding hung left-handed)
2020-06-03,kempton-aw,5:40,Unibet Handicap,,Class 6,,0-60,4yo+,,6f,1320,1207,6f,Standard To Slow,11,4,10,8,.5,5,Fard (GB),33/1,34.00,5,G,9-2,128,,1:13.56,Adrian McCarthy,Christine Dunnett,59,,,206.83,Dutch Art (GB),Rose Blossom (GB),Pastoral Pursuits,Jaber Ali Alsabah,In rear on inner - ridden 3f out - headway over 1f out - kept on
2020-06-03,kempton-aw,5:40,Unibet Handicap,,Class 6,,0-60,4yo+,,6f,1320,1207,6f,Standard To Slow,12,5,10,5,.5,5.5,Derry Boy (GB),7/2F,4.50,4,G,9-2,128,b,1:13.66,Richard Kingscote,David Evans,59,,,,Havana Gold (IRE),Steppe By Steppe (GB),Zamindar,Rob Emmanuelle Lynn Cullimore Partner,Taken down early - walked to post - midfield - ridden 3f out - kept on from 2f out - not pace to challenge
2020-06-03,kempton-aw,5:40,Unibet Handicap,,Class 6,,0-60,4yo+,,6f,1320,1207,6f,Standard To Slow,8,6,10,1,1,6.5,Red Bravo (IRE),5/1,6.00,4,G,9-2,128,,1:13.86,Barry McHugh,Mark Loughnane,59,,,,Acclamation (GB),Vision Of Peace (IRE),Invincible Spirit,Star Sports Bloodstock,Midfield - ridden 2f out - no impression from 1f out
2020-06-03,kempton-aw,5:40,Unibet Handicap,,Class 6,,0-60,4yo+,,6f,1320,1207,6f,Standard To Slow,1,7,10,6,3.5,10,Dubai Elegance (GB),7/1,8.00,6,M,9-3,129,,1:14.56,Lewis Edmunds,Derek Shaw,60,,,,Sepoy (AUS),Some Sunny Day (GB),Where Or When,Million Dreams Racing 1,Took keen hold - held up in rear - squeezed out soon after start - ridden over 2f out - made no impression
2020-06-03,kempton-aw,5:40,Unibet Handicap,,Class 6,,0-60,4yo+,,6f,1320,1207,6f,Standard To Slow,5,8,10,11,.5,10.5,Napping (GB),25/1,26.00,7,M,9-2,128,,1:14.66,George Wood,Amy Murphy,59,,,,Sleeping Indian (GB),Vax Rapide (GB),Sharpo,Eclipse Sports Racing Club,Chased leaders - ridden over 2f out - weakened from over 1f out
2020-06-03,kempton-aw,5:40,Unibet Handicap,,Class 6,,0-60,4yo+,,6f,1320,1207,6f,Standard To Slow,3,9,10,2,7,17.5,Showmethewayavrilo (GB),28/1,29.00,7,G,9-3,129,,1:16.06,Charlie Bennett,Malcolm Saunders,60,,,,Showcasing (GB),Avrilo (GB),Piccolo,Pat Hancock Eric Jones,Tracked leaders on inner - ridden over 2f out - soon weakened
2020-06-03,kempton-aw,5:40,Unibet Handicap,,Class 6,,0-60,4yo+,,6f,1320,1207,6f,Standard To Slow,10,10,10,3,11,28.5,Glamorous Crescent (GB),11/2,6.50,4,F,9-2,128,,1:18.26,Rossa Ryan,Christopher Mason,59,,,,Stimulation (IRE),Go Glamorous (IRE),Elnadim,Robert Nina Bailey,Midfield - ridden over 3f out - weakened from 2f out - eased inside final furlong (jockey said filly hung left-handed inside the final four furlongs and found nothing under pressure)
2020-06-03,yarmouth,12:45,Heed Your Hunch At Betway Handicap,,Class 4,,0-85,3yo,,1m2f,2223,2033,10f,Good To Firm,3,1,12,3,0,0,Celestran (GB),11/4F,3.75,3,C,9-7,133,,2:3.16,Robert Havlin,John Gosden,82,,,4690.02,Dansili (GB),Starscope (GB),Selkirk,Cheveley Park Stud,Slowly into stride - towards rear of midfield - headway 3f out - ridden and led 2f out - ran on(op 3/1 tchd 7/2)
2020-06-03,yarmouth,12:45,Heed Your Hunch At Betway Handicap,,Class 4,,0-85,3yo,,1m2f,2223,2033,10f,Good To Firm,1,2,12,1,1.5,1.5,Bodyline (IRE),16/1,17.00,3,C,9-7,133,,2:3.46,Luke Morris,Sir Mark Prescott Bt,82,,,1395.62,Australia (GB),Eurirs (FR),Indian Ridge,Tim Bunting   Osborne House Iv,In rear - nudged along 4f out - switched right and ridden over 2f out - stayed on(op 12/1)
2020-06-03,yarmouth,12:45,Heed Your Hunch At Betway Handicap,,Class 4,,0-85,3yo,,1m2f,2223,2033,10f,Good To Firm,10,3,12,2,.75,2.25,Make It Rain (IRE),16/1,17.00,3,F,9-4,130,,2:3.61,Dane ONeill,Simon & Ed Crisford,79,,,697.45,Night Of Thunder (IRE),Badalona (GB),Cape Cross,Sheikh Marwan Al Maktoum,Dwelt start - travelled strongly - towards rear of midfield - going okay when not clear run over 2f out - short of room over 1f out - kept on but held final furlong(op 14/1)
2020-06-03,yarmouth,12:45,Heed Your Hunch At Betway Handicap,,Class 4,,0-85,3yo,,1m2f,2223,2033,10f,Good To Firm,7,4,12,6,.75,3,Group One Power (GB),100/30,4.33,3,C,9-5,131,,2:3.76,Silvestre De Sousa,Andrew Balding,80,,,348.73,Lope De Vega (IRE),Lady Aquitaine (USA),El Prado,King Power Racing Co Ltd,Took keen hold - midfield - ridden 3f out - kept on but always held(op 5/2)
2020-06-03,yarmouth,12:45,Heed Your Hunch At Betway Handicap,,Class 4,,0-85,3yo,,1m2f,2223,2033,10f,Good To Firm,2,5,12,9,0.3,3.25,HMS President (IRE),22/1,23.00,3,C,9-7,133,,2:3.81,Oisin Murphy,Eve Johnson Houghton,82,,,,Excelebration (IRE),Dance Hall Girl (IRE),Dansili,Hp Racing Hms President,Midfield - headway 3f out - close up when ridden over 2f out - weakened final furlong(op 16/1)
2020-06-03,yarmouth,12:45,Heed Your Hunch At Betway Handicap,,Class 4,,0-85,3yo,,1m2f,2223,2033,10f,Good To Firm,4,6,12,12,.75,4,Union (IRE),10/1,11.00,3,C,9-6,132,,2:3.96,Jack Mitchell,Roger Varian,81,,,,New Approach (IRE),Shahnila (FR),Elusive City,Highclere Tbred Racing   Hannah Stodel,Held up in last - still plenty to do when ridden 3f out - headway when bit short of room 2f out - no extra final furlong(op 11/1)
2020-06-03,yarmouth,12:45,Heed Your Hunch At Betway Handicap,,Class 4,,0-85,3yo,,1m2f,2223,2033,10f,Good To Firm,9,7,12,8,5.5,9.5,School Of Thought (GB),18/1,19.00,3,C,9-5,131,,2:5.06,P J McDonald,James Tate,80,,,,Sir Percy (GB),Lady Sylvia (GB),Haafhd,Saeed Manana,Prominent - ridden over 2f out - weakened over 1f out(op 14/1)
2020-06-03,yarmouth,12:45,Heed Your Hunch At Betway Handicap,,Class 4,,0-85,3yo,,1m2f,2223,2033,10f,Good To Firm,11,8,12,10,4.25,13.75,Arthur's Court (IRE),33/1,34.00,3,G,9-3,129,,2:5.91,James Doyle,Hugo Palmer,78,,,,Camelot (GB),Logjam (IRE),Royal Academy,John Livock Nat Lacy Mrs M V Magnier,In rear - ridden and brief headway 3f out - soon weakened(tchd 40/1)
2020-06-03,yarmouth,12:45,Heed Your Hunch At Betway Handicap,,Class 4,,0-85,3yo,,1m2f,2223,2033,10f,Good To Firm,8,9,12,11,.5,14.25,Lady Lynetta (IRE),40/1,41.00,3,F,9-5,131,,2:6.01,Shane Kelly,Richard Hughes,80,,,,Tamayuz (GB),Cristal Fashion (IRE),Jeremy,Khalifa Dasmal,Led - shaken up 3f out - headed 2f out - soon weakened(tchd 50/1)
2020-06-03,yarmouth,12:45,Heed Your Hunch At Betway Handicap,,Class 4,,0-85,3yo,,1m2f,2223,2033,10f,Good To Firm,6,10,12,5,2.75,17,Zabeel Champion (GB),11/2,6.50,3,C,9-5,131,,2:6.56,Franny Norton,Mark Johnston,80,,,,Poets Voice (GB),Stars In Your Eyes (GB),Galileo,Jaber Abdullah,Prominent - ridden and weakened gradually from 3f out(op 6/1)
2020-06-03,yarmouth,12:45,Heed Your Hunch At Betway Handicap,,Class 4,,0-85,3yo,,1m2f,2223,2033,10f,Good To Firm,5,11,12,7,1.25,18.25,Naizagai (GB),8/1,9.00,3,G,9-5,131,,2:6.81,David Egan,Roger Varian,80,,,,Dark Angel (IRE),Nazym (IRE),Galileo,Nurlan Bizakov,Raced freely - in touch with leaders - ridden over 3f out - soon weakened(op 12/1)
2020-06-03,yarmouth,12:45,Heed Your Hunch At Betway Handicap,,Class 4,,0-85,3yo,,1m2f,2223,2033,10f,Good To Firm,12,12,12,4,19,37.25,Goddess Of Fire (GB),80/1,81.00,3,F,8-9,121,,2:10.61,Darragh Keenan,John Ryan,73,,,,Toronado (IRE),Burnt Fingers (IRE),Kheleyf,M M Foulger,In touch with leaders - ridden and struggling over 3f out - tailed off(op 33/1)
2020-06-03,yarmouth,1:20,Betway Handicap,,Class 5,,0-75,4yo+,,1m6f,3097,2832,14f,Good To Firm,3,1,10,8,0,0,Dubious Affair (IRE),7/1,8.00,4,F,9-6,132,,3:5.91,Stevie Donohoe,Charlie Fellowes,74,,,3493.26,Frankel (GB),Dubian To (IRE),Sea The Stars,Mohamed Obaida,Midfield - going okay when switched right and shaken up over 2f out - soon ridden - ran on to lead inside final furlong(op 6/1)
2020-06-03,yarmouth,1:20,Betway Handicap,,Class 5,,0-75,4yo+,,1m6f,3097,2832,14f,Good To Firm,4,2,10,12,1.5,1.5,Johnny Kidd (GB),7/2F,4.50,4,G,9-6,132,,3:6.21,Oisin Murphy,Andrew Balding,74,,,1039.50,Australia (GB),Sabreon (GB),Caerleon,Chelsea Thoroughbreds Shakin All Over 1,Close up - going easily when led 3f out - ridden and hung left 2f out - hung right and bumped rival inside final furlong - soon headed - hung left final 110yds(tchd 4/1)
2020-06-03,yarmouth,1:20,Betway Handicap,,Class 5,,0-75,4yo+,,1m6f,3097,2832,14f,Good To Firm,2,3,10,2,1.25,2.75,Thaqaffa (IRE),40/1,41.00,7,G,9-7,133,,3:6.46,Martin Harley,Amy Murphy,75,,,519.48,Kodiac (GB),Incense (GB),Unfuwain,The Champagne Club,Took keen hold - midfield - going okay when not clear run 2f out - soon ridden - keeping on but held when bumped inside final furlong
2020-06-03,yarmouth,1:20,Betway Handicap,,Class 5,,0-75,4yo+,,1m6f,3097,2832,14f,Good To Firm,12,4,10,7,2.25,5,Wadacre Galoubet (GB),10/1,11.00,4,G,9-0,126,,3:6.91,Franny Norton,Mark Johnston,68,,,259.74,Born To Sea (IRE),Glenreef (GB),Three Valleys,Wadacre Stud,Led - ridden and headed 3f out - soon outpaced but kept on
2020-06-03,yarmouth,1:20,Betway Handicap,,Class 5,,0-75,4yo+,,1m6f,3097,2832,14f,Good To Firm,1,5,10,3,0.05,5,Affluence (IRE),14/1,15.00,5,G,9-8,134,p,3:6.92,Eoin Walsh,Martin Smith,76,,,,Thewayyouare (USA),Castalian Spring (IRE),Oasis Dream,The Affluence Partnership,Held up in rear - headway 3f out - ridden over 2f out - made no telling impression(op 16/1)
2020-06-03,yarmouth,1:20,Betway Handicap,,Class 5,,0-75,4yo+,,1m6f,3097,2832,14f,Good To Firm,9,6,10,9,2.25,7.25,Hope Is High (GB),17/2,9.50,7,M,9-2,128,,3:7.36,Silvestre De Sousa,John Berry,70,,,,Sir Percy (GB),Altitude (GB),Green Desert,Emma Berry John Berry,Towards rear - ridden 2f out - not pace to challenge(op 10/1)
2020-06-03,yarmouth,1:20,Betway Handicap,,Class 5,,0-75,4yo+,,1m6f,3097,2832,14f,Good To Firm,10,7,10,5,2.25,9.5,Casa Comigo (IRE),11/2,6.50,5,G,9-1,127,,3:7.81,James Doyle,John Best,69,,,,Cape Cross (IRE),Belanoiva (IRE),Motivator,Simon Malcolm,Prominent - found little when ridden over 2f out(op 4/1)
2020-06-03,yarmouth,1:20,Betway Handicap,,Class 5,,0-75,4yo+,,1m6f,3097,2832,14f,Good To Firm,7,8,10,10,2.25,11.75,Break The Rules (GB),22/1,23.00,4,F,9-3,129,,3:8.26,Jimmy Quinn,Martin Smith,71,,,,Aussie Rules (USA),Fairy Slipper (GB),Singspiel,Robert P Clarke And Partners,Always towards rear(op 28/1 tchd 33/1)
2020-06-03,yarmouth,1:20,Betway Handicap,,Class 5,,0-75,4yo+,,1m6f,3097,2832,14f,Good To Firm,11,9,10,11,2,13.75,Bartholomew J (IRE),4/1,5.00,6,G,9-4,130,,3:8.66,Jack Mitchell,Simon Pearce,72,,,,Fast Company (IRE),Mana (IRE),Motivator,Nigel Hanger Eric Jones Partners,Slowly into stride - always towards rear (jockey said gelding hung left-handed)(op 11/2)
2020-06-03,yarmouth,1:20,Betway Handicap,,Class 5,,0-75,4yo+,,1m6f,3097,2832,14f,Good To Firm,5,10,10,4,0.3,14,Bailarico (IRE),7/1,8.00,7,G,9-1,127,p,3:8.71,Thomas Greatrex,Warren Greatrex,72,,,,Dubawi (IRE),Baila Me (GER),Samum,Fitorfat Racing,Prominent - ridden and found little from over 2f out(op 13/2 tchd 11/2)
2020-06-03,yarmouth,1:55,British Stallion Studs EBF Novice Auction Stakes,,Class 5,,,2yo,,5f,1142,1044,5f,Good To Firm,6,1,10,7,0,0,The Lir Jet (IRE),9/2,5.50,2,C,9-2,128,,0:59.00,Silvestre De Sousa,Michael Bell,,,,4140.16,Prince Of Lir (IRE),Paper Dreams (IRE),Green Desert,Nick Bell,Made virtually all - hard pressed when ridden 2f out - went clear final furlong(op 5/1 tchd 4/1 and tchd 13/2)
2020-06-03,yarmouth,1:55,British Stallion Studs EBF Novice Auction Stakes,,Class 5,,,2yo,,5f,1142,1044,5f,Good To Firm,5,2,10,8,2.75,2.75,Steadman (IRE),20/1,21.00,2,C,9-2,128,,0:59.55,Daniel Tudhope,David OMeara,,,,1232,Elzaam (AUS),Coconut Kisses (GB),Bahamian Bounty,From The Front Racing,Pressed leader - ridden over 2f out - held when eased final strides - no match for winner(op 14/1)
2020-06-03,yarmouth,1:55,British Stallion Studs EBF Novice Auction Stakes,,Class 5,,,2yo,,5f,1142,1044,5f,Good To Firm,3,3,10,4,1.25,4,Nelson Gay (IRE),6/4F,2.50,2,C,9-3,129,,0:59.80,Shane Kelly,Richard Hughes,,,,615.68,Mehmas (IRE),Rublevka Star (USA),Elusive Quality,R Gander Partner,Dwelt start - tracked winner - going okay when not clear run 2f out - ridden over 1f out - kept on but always held(op 11/8)
2020-06-03,yarmouth,1:55,British Stallion Studs EBF Novice Auction Stakes,,Class 5,,,2yo,,5f,1142,1044,5f,Good To Firm,4,4,10,2,1.25,5.25,Enduring (GB),18/1,19.00,2,C,9-2,128,,1:0.05,Charles Bishop,Eve Johnson Houghton,,,,307.84,Coulsty (IRE),Yearbook (GB),Byron,Marc Middleton Heath,Pressed leader - ridden over 2f out - no extra final furlong(op 20/1 tchd 25/1)
2020-06-03,yarmouth,1:55,British Stallion Studs EBF Novice Auction Stakes,,Class 5,,,2yo,,5f,1142,1044,5f,Good To Firm,9,5,10,9,0.3,5.5,Ocean Star (IRE),7/2,4.50,2,F,8-11,123,,1:0.10,Hollie Doyle,Archie Watson,,,,,Adaay (IRE),Miss Wicklow (IRE),New Approach,Cooper Webb,Close up - ridden and outpaced 2f out - kept on final furlong(op 4/1)
2020-06-03,yarmouth,1:55,British Stallion Studs EBF Novice Auction Stakes,,Class 5,,,2yo,,5f,1142,1044,5f,Good To Firm,10,6,10,1,0.3,5.75,Julie Johnston (GB),10/1,11.00,2,F,8-10,122,,1:0.15,Franny Norton,Mark Johnston,,,,,Acclamation (GB),Jeanie Johnston (IRE),One Cool Cat,Carl Chapman,Close up - outpaced when shaken up 2f out - nudged out and kept on towards finish(op 7/1)
2020-06-03,yarmouth,1:55,British Stallion Studs EBF Novice Auction Stakes,,Class 5,,,2yo,,5f,1142,1044,5f,Good To Firm,2,7,10,3,2.25,8,Power On (IRE),50/1,51.00,2,C,9-4,130,,1:0.60,David Egan,Paul DArcy,,,,,Power (GB),Intermittent (GB),Cacique,Rowley Racing Partners,Slowly away - going okay and headway 3f out - ridden 2f out - weakened final furlong(op 40/1)
2020-06-03,yarmouth,1:55,British Stallion Studs EBF Novice Auction Stakes,,Class 5,,,2yo,,5f,1142,1044,5f,Good To Firm,1,8,10,10,5,13,Mehmo (IRE),40/1,41.00,2,G,9-5,131,p1,1:1.60,Luke Morris,Gay Kelleway,,,,,Mehmas (IRE),Baltic Belle (IRE),Redback,Winterbeck Stud T Bownes G Kelleway,Dwelt start - never better than mid-division(op 33/1)
2020-06-03,yarmouth,1:55,British Stallion Studs EBF Novice Auction Stakes,,Class 5,,,2yo,,5f,1142,1044,5f,Good To Firm,7,9,10,6,1.5,14.5,No School Today (IRE),18/1,19.00,2,F,8-13,125,,1:1.90,Tony Hamilton,Richard Fahey,,,,,Exceed And Excel (AUS),Sound The Alarm (GB),Compton Place,Run For Your Money,Struggling soon after start(op 12/1)
2020-06-03,yarmouth,1:55,British Stallion Studs EBF Novice Auction Stakes,,Class 5,,,2yo,,5f,1142,1044,5f,Good To Firm,8,10,10,5,8,22.5,Social Rebel (FR),20/1,21.00,2,F,8-9,121,,1:3.50,Cieren Fallon,George Baker,,,,,Shalaa (IRE),Social (GB),Dansili,Ftp Equine Holdings Ltd,Slowly away - always towards rear - eased final furlong(op 33/1 tchd 18/1)
2020-06-03,yarmouth,2:30,Betway Live Casino Handicap,,Class 5,,0-68,4yo+,,7f,1543,1411,7f,Firm,8,1,9,5,0,0,Ginger Max (GB),11/2,6.50,4,G,8-8,120,,1:21.47,Franny Norton,Richard Fahey,55,,,3493.26,Garswood (GB),Miss Bunter (GB),Bahamian Bounty,Withernsea Thoroughbred Ltd Partner,Dwelt start - in rear - shaken up 2f out - carried head high but steady headway 1f out - led towards finish - soon idled(op 13/2)
2020-06-03,yarmouth,2:30,Betway Live Casino Handicap,,Class 5,,0-68,4yo+,,7f,1543,1411,7f,Firm,7,2,9,7,.5,.5,Dutch Story (GB),7/2,4.50,4,G,9-3,129,p,1:21.57,Robert Havlin,Amanda Perrett,64,,,1039.50,Dutch Art (GB),Shamandar (FR),Exceed And Excel,Mr Mrs R Scott Mrs D Bevan,Close up - ridden 2f out - led 1f out - headed towards finish(op 5/2)
2020-06-03,yarmouth,2:30,Betway Live Casino Handicap,,Class 5,,0-68,4yo+,,7f,1543,1411,7f,Firm,2,3,9,9,0.3,.75,Full Intention (GB),9/4F,3.25,6,G,9-7,133,p,1:21.62,Jack Mitchell,Simon Pearce,68,,,519.48,Showcasing (GB),My Delirium (GB),Haafhd,Killarney Glen Lydia Pearce,Midfield - ridden over 2f out - kept on but just held(op 3/1)
2020-06-03,yarmouth,2:30,Betway Live Casino Handicap,,Class 5,,0-68,4yo+,,7f,1543,1411,7f,Firm,3,4,9,1,.5,1.25,Serenading (GB),14/1,15.00,4,F,9-7,133,,1:21.72,P J McDonald,James Fanshawe,68,,,259.74,Iffraaj (GB),Constant Dream (GB),Kheleyf,John E Rose Manor Farm Stud,In rear - ridden over 2f out - headway over 1f out - no extra towards finish(op 20/1 tchd 25/1)
2020-06-03,yarmouth,2:30,Betway Live Casino Handicap,,Class 5,,0-68,4yo+,,7f,1543,1411,7f,Firm,5,5,9,2,0.3,1.5,Atletico (IRE),5/1,6.00,8,G,9-6,132,,1:21.77,Ben Curtis,David Evans,67,,,,Kodiac (GB),Queenofthefairies (GB),Pivotal,K Mccabe P D Evans,Midfield - ridden 3f out - close up 1f out - no extra towards finish(op 7/2)
2020-06-03,yarmouth,2:30,Betway Live Casino Handicap,,Class 5,,0-68,4yo+,,7f,1543,1411,7f,Firm,6,6,9,6,2.5,4,Seprani (GB),12/1,13.00,6,M,9-3,129,,1:22.27,Gabriele Malune,Amy Murphy,67,,,,Sepoy (AUS),Kings Guest (IRE),Kings Best,Book 3 Partnership,Raced freely - led - headed 1f out - soon weakened(op 14/1)
2020-06-03,yarmouth,2:30,Betway Live Casino Handicap,,Class 5,,0-68,4yo+,,7f,1543,1411,7f,Firm,9,7,9,3,2.75,6.75,Quduraat (GB),80/1,81.00,4,F,7-13,111,h,1:22.82,Theodore Ladd,Michael Appleby,49,,,,Teofilo (IRE),Ejadah (IRE),Clodovil,Mrs B A Matthews,Dwelt start - raced in last - ridden and carried head awkwardly from 2f out - never dangerous (jockey said filly ran free early)(op 66/1)
2020-06-03,yarmouth,2:30,Betway Live Casino Handicap,,Class 5,,0-68,4yo+,,7f,1543,1411,7f,Firm,4,8,9,4,1,7.75,Sonnet Rose (IRE),8/1,9.00,6,M,9-4,130,tb,1:23.02,Cieren Fallon,Conrad Allen,68,,,,Poets Voice (GB),Arabian Pearl (IRE),Refuse To Bend,John C Davies,Midfield - ridden and close up over 2f out - weakened from over 1f out(op 9/1)
2020-06-03,yarmouth,2:30,Betway Live Casino Handicap,,Class 5,,0-68,4yo+,,7f,1543,1411,7f,Firm,1,9,9,8,7.5,15.25,Case Key (GB),50/1,51.00,7,G,9-8,134,,1:24.52,Jimmy Quinn,Michael Appleby,69,,,,Showcasing (GB),Fluttering Rose (GB),Compton Place,Terry Pryke,Prominent - ridden and weakened from over 2f out - eased towards finish(op 40/1)
2020-06-03,yarmouth,3:05,#betyourway At Betway Novice Stakes (Div I),,Class 5,,,3yo,,7f,1543,1411,7f,Firm,3,1,10,3,0,0,Mister Snowdon (GB),10/1,11.00,3,G,9-7,133,,1:21.32,Shane Kelly,Richard Hughes,,,,3493.26,Lethal Force (IRE),Welsh Cake (GB),Fantastic Light,M J Caddy,Took keen hold - close up - ridden 2f out - went second 1f out - led inside final furlong - cosily(op 13/2 tchd 11/2)
2020-06-03,yarmouth,3:05,#betyourway At Betway Novice Stakes (Div I),,Class 5,,,3yo,,7f,1543,1411,7f,Firm,2,2,10,9,.75,.75,Enemy (GB),1/2F,1.50,3,C,9-9,135,,1:21.47,Oisin Murphy,John Gosden,,,,1039.50,Muhaarar (GB),Prudenzia (IRE),Dansili,Qatar Racing Ltd Lady Oreilly,Chased leaders - going best when ridden over 1f out - soon outpaced - kept on and went second towards finish(tchd 4/11)
2020-06-03,yarmouth,3:05,#betyourway At Betway Novice Stakes (Div I),,Class 5,,,3yo,,7f,1543,1411,7f,Firm,4,3,10,5,0.1,.75,Additional (IRE),6/1,7.00,3,C,9-2,128,,1:21.49,Daniel Tudhope,Martyn Meade,,,,519.48,Night Of Thunder (IRE),Aris (IRE),Danroad,Aclaim Partners,Raced freely - chased leaders - ridden and led over 2f out - hung left 1f out - headed inside final furlong - lost second towards finish(tchd 11/2 and tchd 13/2)
2020-06-03,yarmouth,3:05,#betyourway At Betway Novice Stakes (Div I),,Class 5,,,3yo,,7f,1543,1411,7f,Firm,6,4,10,1,1.75,2.5,Brunel's Boy (GB),66/1,67.00,3,G,9-2,128,,1:21.82,Charles Bishop,Mick Channon,,,,259.74,Dutch Art (GB),Hot Secret (GB),Sakhees Secret,Rory Orourke,Soon led - ridden and headed over 2f out - no extra inside final furlong(op 25/1)
2020-06-03,yarmouth,3:05,#betyourway At Betway Novice Stakes (Div I),,Class 5,,,3yo,,7f,1543,1411,7f,Firm,10,5,10,6,0.3,3,Warning Shot (IRE),12/1,13.00,3,C,9-2,128,,1:21.92,Hector Crouch,Saeed bin Suroor,,,,,Exceed And Excel (AUS),Margravine (USA),Kings Best,Godolphin,Close up - ridden over 2f out - no impression inside final furlong(op 14/1)
2020-06-03,yarmouth,3:05,#betyourway At Betway Novice Stakes (Div I),,Class 5,,,3yo,,7f,1543,1411,7f,Firm,5,6,10,4,6,9,Blackcurantspangle (IRE),100/1,101.00,3,G,9-2,128,,1:23.12,Stevie Donohoe,Charlie Fellowes,,,,,Starspangledbanner (AUS),Run Of The Day (GB),Three Valleys,D R J King,Always towards rear - minor headway from over 2f out - never on terms(op 80/1 tchd 125/1)
2020-06-03,yarmouth,3:05,#betyourway At Betway Novice Stakes (Div I),,Class 5,,,3yo,,7f,1543,1411,7f,Firm,8,7,10,8,1.5,10.5,Cosa Orga (IRE),12/1,13.00,3,C,9-2,128,t1,1:23.42,James Doyle,William Haggas,,,,,Golden Horn (GB),New Morning (IRE),Sadlers Wells,Lois Day J L Day,Towards rear - ridden and weakened 2f out(op 28/1)
2020-06-03,yarmouth,3:05,#betyourway At Betway Novice Stakes (Div I),,Class 5,,,3yo,,7f,1543,1411,7f,Firm,1,8,10,7,0.3,10.75,Angelic Time (IRE),12/1,13.00,3,C,9-9,135,,1:23.47,Hollie Doyle,Ed Vaughan,,,,,Dark Angel (IRE),Danetime Out (IRE),Danetime,Phoenix Thoroughbred Limited,Midfield - ridden over 2f out - soon weakened(tchd 14/1)
2020-06-03,yarmouth,3:05,#betyourway At Betway Novice Stakes (Div I),,Class 5,,,3yo,,7f,1543,1411,7f,Firm,11,9,10,10,8.5,19.25,Belynda (IRE),250/1,251.00,3,F,8-8,120,,1:25.17,Gabriele Malune,Amy Murphy,,,,,Nathaniel (IRE),American Spirit (IRE),Rock Of Gibraltar,D De Souza,Always towards rear - never on terms
2020-06-03,yarmouth,3:05,#betyourway At Betway Novice Stakes (Div I),,Class 5,,,3yo,,7f,1543,1411,7f,Firm,9,10,10,11,4.75,24,Fair Man (GB),50/1,51.00,3,C,9-2,128,,1:26.12,Jimmy Quinn,Marco Botti,,,,,Kingman (GB),Fair Dubawi (IRE),Dubawi,Scuderia Blueberry Srl,Took keen hold - towards rear - ridden and weakened from 3f out - eased towards finish(op 66/1 tchd 80/1)
2020-06-03,yarmouth,3:40,#betyourway At Betway Novice Stakes (Div II),,Class 5,,,3yo,,7f,1543,1411,7f,Firm,5,1,11,8,0,0,Haqeeqy (IRE),3/1,4.00,3,C,9-2,128,,1:21.40,Dane ONeill,John Gosden,,,,3493.26,Lope De Vega (IRE),Legal Lyric (IRE),Lawman,Ms Hissa Hamdan Al Maktoum,Chased leaders - ridden and headway 2f out - led 1f out - ran on well inside final furlong - readily(op 10/3 tchd 7/2)
2020-06-03,yarmouth,3:40,#betyourway At Betway Novice Stakes (Div II),,Class 5,,,3yo,,7f,1543,1411,7f,Firm,7,2,11,5,2.5,2.5,Vitare (IRE),100/1,101.00,3,G,9-2,128,,1:21.90,Charles Bishop,Mick Channon,,,,1039.50,Sidestep (AUS),Question (USA),Coronados Quest,Box 41,Close up - ridden and led over 2f out - headed 1f out - ran on but no match for winner(op 80/1)
2020-06-03,yarmouth,3:40,#betyourway At Betway Novice Stakes (Div II),,Class 5,,,3yo,,7f,1543,1411,7f,Firm,3,3,11,10,0.3,2.75,Ametist (GB),9/2,5.50,3,G,9-2,128,,1:21.95,James Doyle,William Haggas,,,,519.48,Dutch Art (GB),Zykina (GB),Pivotal,Cheveley Park Stud,Midfield - ridden over 2f out - ran on well inside final furlong - nearest finish(op 11/2 tchd 4/1 and tchd 6/1)
2020-06-03,yarmouth,3:40,#betyourway At Betway Novice Stakes (Div II),,Class 5,,,3yo,,7f,1543,1411,7f,Firm,2,4,11,7,1.5,4.25,Higher Kingdom (GB),10/11F,1.91,3,C,9-9,135,,1:22.25,Daniel Tudhope,Archie Watson,,,,259.74,Kingman (GB),Noozhah (GB),Singspiel,Clipper Logistics,Led - ridden and headed over 2f out - weakened and flashed tail inside final furlong - lost third towards finish(op 6/5 tchd 11/8)
2020-06-03,yarmouth,3:40,#betyourway At Betway Novice Stakes (Div II),,Class 5,,,3yo,,7f,1543,1411,7f,Firm,1,5,11,9,3.5,7.75,All You Wish (GB),6/1,7.00,3,C,9-9,135,,1:22.95,Oisin Murphy,Andrew Balding,,,,,Showcasing (GB),Moment Of Time (GB),Rainbow Quest,M M Stables,Slowly into stride - towards rear - headway into midfield 5f out - ridden 2f out - no impression inside final furlong(op 4/1)
2020-06-03,yarmouth,3:40,#betyourway At Betway Novice Stakes (Div II),,Class 5,,,3yo,,7f,1543,1411,7f,Firm,6,6,11,2,3.5,11.25,Inner Treasures (GB),66/1,67.00,3,G,9-2,128,b1,1:23.65,Jimmy Quinn,Marco Botti,,,,,Gleneagles (IRE),Native Picture (IRE),Kodiac,Aldo E Carlo Borsani Snc 1,Pulled hard - midfield - weakened gradually from over 2f out(op 40/1 tchd 33/1)
2020-06-03,yarmouth,3:40,#betyourway At Betway Novice Stakes (Div II),,Class 5,,,3yo,,7f,1543,1411,7f,Firm,4,7,11,3,0.1,11.5,Dutugamunu (IRE),50/1,51.00,3,C,9-2,128,,1:23.72,Stevie Donohoe,Richard Spencer,,,,,Ivawood (IRE),Bunditten (IRE),Soviet Star,Balasuriyacookcunninghamgowingspencer,Took keen hold - in rear halfway - ridden and weakened over 2f out(op 40/1 tchd 66/1)
2020-06-03,yarmouth,3:40,#betyourway At Betway Novice Stakes (Div II),,Class 5,,,3yo,,7f,1543,1411,7f,Firm,9,8,11,4,3,14.5,Like Sugar (GB),33/1,34.00,3,F,8-8,120,,1:24.30,Megan Nicholls,Richard Fahey,,,,,Showcasing (GB),Ivory Gala (FR),Galileo,John Dance,Always towards rear - struggling from 3f out(op 25/1 tchd 22/1)
2020-06-03,yarmouth,3:40,#betyourway At Betway Novice Stakes (Div II),,Class 5,,,3yo,,7f,1543,1411,7f,Firm,11,9,11,6,1,15.5,Shandrani Sunrise (GB),80/1,81.00,3,F,8-11,123,,1:24.50,Hayley Turner,Stuart Williams,,,,,Sir Percy (GB),Acclamatory (GB),Royal Applause,Mrs C Shekells,Dwelt start - pulled hard - always towards rear(op 66/1)
2020-06-03,yarmouth,3:40,#betyourway At Betway Novice Stakes (Div II),,Class 5,,,3yo,,7f,1543,1411,7f,Firm,8,10,11,11,1.75,17.25,Dendermonde (GB),250/1,251.00,3,F,8-8,120,,1:24.85,Darragh Keenan,Anthony Carson,,,,,Sir Percy (GB),Laraib (IRE),Invincible Spirit,Clive Dennett,Always towards rear - never on terms(op 125/1)
2020-06-03,yarmouth,3:40,#betyourway At Betway Novice Stakes (Div II),,Class 5,,,3yo,,7f,1543,1411,7f,Firm,10,11,11,1,24,41.25,Rhythmic Motion (GB),250/1,251.00,3,F,8-11,123,,1:29.65,Shane Kelly,Jim Boyle,,,,,Toronado (IRE),Sonnetation (IRE),Dylan Thomas,The In Recovery Partnership,Raced freely - tracked leaders - ridden and weakened gradually from over 2f out - heavily eased
2020-06-03,yarmouth,4:15,Betway Heed Your Hunch Handicap,,Class 4,,0-82,4yo+,,1m,1763,1612,8f,Firm,4,1,10,1,0,0,Maydanny (IRE),4/1F,5.00,4,G,9-5,131,,1:33.00,Dane ONeill,Mark Johnston,80,,,4690.02,Dubawi (IRE),Attraction (GB),Efisio,Hamdan Al Maktoum,Prominent - shaken up and led 2f out - ridden out final furlong - readily(op 9/2 tchd 7/2)
2020-06-03,yarmouth,4:15,Betway Heed Your Hunch Handicap,,Class 4,,0-82,4yo+,,1m,1763,1612,8f,Firm,7,2,10,8,3.75,3.75,Arigato (GB),9/1,10.00,5,G,9-4,130,p,1:33.75,Josephine Gordon,William Jarvis,79,,,1395.62,Poets Voice (GB),Xtrasensory (GB),Royal Applause,Ms E L Banks,Prominent - ridden over 2f out - kept on but no match for winner(op 10/1 tchd 17/2)
2020-06-03,yarmouth,4:15,Betway Heed Your Hunch Handicap,,Class 4,,0-82,4yo+,,1m,1763,1612,8f,Firm,2,3,10,10,2.5,6.25,Balgair (GB),11/2,6.50,6,G,9-7,133,h,1:34.25,Jack Mitchell,Tom Clover,82,,,697.45,Foxwedge (AUS),Glencal (GB),Compton Place,Newmarket Racing Club Hqi,Held up in last - ridden over 2f out - kept on but never dangerous(op 13/2)
2020-06-03,yarmouth,4:15,Betway Heed Your Hunch Handicap,,Class 4,,0-82,4yo+,,1m,1763,1612,8f,Firm,5,4,10,3,.75,7,Casement (IRE),40/1,41.00,6,G,9-5,131,,1:34.40,Alistair Rawlinson,Michael Appleby,80,,,348.73,Casamento (IRE),Kirk Wynd (GB),Selkirk,On The Case Partnership,Disputed lead - ridden and headed 2f out - weakened gradually final furlong(op 33/1 tchd 50/1)
2020-06-03,yarmouth,4:15,Betway Heed Your Hunch Handicap,,Class 4,,0-82,4yo+,,1m,1763,1612,8f,Firm,1,5,10,2,.5,7.5,Buckingham (IRE),28/1,29.00,4,G,9-7,133,h1,1:34.50,Charles Bishop,Eve Johnson Houghton,82,,,,Clodovil (IRE),Lizzys Township (USA),Delaware Township,The Buckingham Partnership,Awkward start - towards rear - ridden 3f out - kept on but made no telling impression(op 16/1)
2020-06-03,yarmouth,4:15,Betway Heed Your Hunch Handicap,,Class 4,,0-82,4yo+,,1m,1763,1612,8f,Firm,3,6,10,9,4.5,12,Wind In My Sails (GB),33/1,34.00,8,G,9-6,132,,1:35.40,Luke Morris,Ed de Giles,81,,,,Footstepsinthesand (GB),Dylanesque (GB),Royal Applause,John Manser,Midfield - ridden 3f out - made no impression(op 25/1)
2020-06-03,yarmouth,4:15,Betway Heed Your Hunch Handicap,,Class 4,,0-82,4yo+,,1m,1763,1612,8f,Firm,9,7,10,5,0.1,12,Rum Baba (GB),9/2,5.50,4,G,9-4,130,,1:35.42,Kieran Shoemark,Charlie Fellowes,79,,,,New Approach (IRE),Soft Centre (GB),Zafonic,Normandie Stud Ltd,Disputed lead - ridden over 2f out - soon headed and weakened(op 7/2)
2020-06-03,yarmouth,4:15,Betway Heed Your Hunch Handicap,,Class 4,,0-82,4yo+,,1m,1763,1612,8f,Firm,8,8,10,7,1.5,13.5,City Wanderer (IRE),9/2,5.50,4,G,9-4,130,p,1:35.70,Silvestre De Sousa,Mick Channon,79,,,,Kodiac (GB),Viletta (GER),Doyen,George Materna Roger Badley,Pressed leaders - ridden 3f out - weakened from 2f out - eased final furlong (jockey said gelding hung left-handed up the straight)(tchd 4/1)
2020-06-03,yarmouth,4:15,Betway Heed Your Hunch Handicap,,Class 4,,0-82,4yo+,,1m,1763,1612,8f,Firm,6,9,10,4,2.75,16.25,First Response (GB),20/1,21.00,5,G,9-4,130,t,1:36.25,Robert Havlin,Linda Stubbs,79,,,,First Defence (USA),Promising Lead (GB),Danehill,D M Smith P G Shorrock L Stubbs,Prominent - ridden 3f out - soon weakened(op 25/1 tchd 28/1)
2020-06-03,yarmouth,4:15,Betway Heed Your Hunch Handicap,,Class 4,,0-82,4yo+,,1m,1763,1612,8f,Firm,10,10,10,6,13,29.25,Two Bids (GB),9/2,5.50,4,G,9-2,128,h1,1:38.85,James Doyle,William Haggas,77,,,,Dalakhani (IRE),Echelon (GB),Danehill,Sheikh Ahmed Al Maktoum,Took keen hold - midfield - niggled along 4f out - ridden 3f out - no response when eased over 1f out (jockey said gelding stopped quickly; trainers rep said the gelding was unsuited by the ground and would prefer a slower surface)(op 4/1 tchd 5/1)
2020-06-03,yarmouth,4:50,Betway Casino EBF Median Auction Maiden Fillies Stakes,,Class 5,,,3-5yo,F,1m,1763,1612,8f,Firm,5,1,9,5,0,0,Mountain Dreams (USA),3/1,4.00,3,F,8-11,123,,1:35.31,Franny Norton,Mark Johnston,,,,4140.16,Temple City (USA),Pico Duarte (USA),Storm Cat,Sheikh Hamdan Bin Mohammed Al Maktoum,Close up - going okay and disputed lead 2f out - shaken up over 1f out - led final 110yds - cosily(tchd 11/4)
2020-06-03,yarmouth,4:50,Betway Casino EBF Median Auction Maiden Fillies Stakes,,Class 5,,,3-5yo,F,1m,1763,1612,8f,Firm,6,2,9,6,.75,.75,Pretty Pickle (IRE),2/1F,3.00,3,F,8-8,120,h1,1:35.46,Cieren Fallon,William Haggas,,,,1232,Born To Sea (IRE),Onomatomania (USA),Mr Greeley,T J W Bridge,Midfield - going okay when ridden over 1f out - ran on but always held(op 13/8 tchd 9/4)
2020-06-03,yarmouth,4:50,Betway Casino EBF Median Auction Maiden Fillies Stakes,,Class 5,,,3-5yo,F,1m,1763,1612,8f,Firm,3,3,9,2,.75,1.5,Habanero Star (GB),11/1,12.00,3,F,8-11,123,,1:35.61,Luke Morris,Gay Kelleway,,,,615.68,Mayson (GB),Highly Spiced (GB),Cadeaux Genereux,Premier Thoroughbred Racing Ltd,Prominent - going okay when disputed lead 2f out - soon ridden - kept on until no extra final 110yds(op 12/1)
2020-06-03,yarmouth,4:50,Betway Casino EBF Median Auction Maiden Fillies Stakes,,Class 5,,,3-5yo,F,1m,1763,1612,8f,Firm,9,4,9,1,1.25,2.75,Topanticipation (GB),50/1,51.00,3,F,8-11,123,h1,1:35.86,Shane Kelly,James Eustace,,,,307.84,Mount Nelson (GB),Topatoo (GB),Bahamian Bounty,M P Bowring And R Smith,Dwelt start - in rear - nudged along and headway 3f out - midfield when bit short of room over 1f out - kept on but never dangerous(op 40/1)
2020-06-03,yarmouth,4:50,Betway Casino EBF Median Auction Maiden Fillies Stakes,,Class 5,,,3-5yo,F,1m,1763,1612,8f,Firm,10,5,9,8,1.5,4.25,Wine Flight (GB),8/1,9.00,3,F,8-11,123,,1:36.16,Charles Bishop,Mick Channon,,,,,Gregorian (IRE),Amahoro (GB),Sixties Icon,Dave And Gill Hedley,Swerved right start - towards rear - ridden and some headway 2f out - never dangerous(op 18/1)
2020-06-03,yarmouth,4:50,Betway Casino EBF Median Auction Maiden Fillies Stakes,,Class 5,,,3-5yo,F,1m,1763,1612,8f,Firm,4,6,9,10,3.25,7.5,Kesarina (GB),4/1,5.00,3,F,8-11,123,,1:36.81,Kieran Shoemark,Sir Michael Stoute,,,,,Medicean (GB),Kesara (GB),Sadlers Wells,Miss K Rausing,Carried right start - never better than mid-division(tchd 7/2)
2020-06-03,yarmouth,4:50,Betway Casino EBF Median Auction Maiden Fillies Stakes,,Class 5,,,3-5yo,F,1m,1763,1612,8f,Firm,8,7,9,9,6.5,14,Sor Hi Hi (GB),10/1,11.00,3,F,8-11,123,,1:38.11,Hayley Turner,Charlie Fellowes,,,,,Mukhadram (GB),Miss Rimex (IRE),Ezzoud,D S Lee,Slowly away - always towards rear
2020-06-03,yarmouth,4:50,Betway Casino EBF Median Auction Maiden Fillies Stakes,,Class 5,,,3-5yo,F,1m,1763,1612,8f,Firm,2,8,9,3,1,15,Cazeva Princess (GB),16/1,17.00,3,F,8-11,123,,1:38.31,Ben Curtis,Michael Appleby,,,,,Equiano (FR),Enford Princess (GB),Pivotal,C A Blyth,Dwelt start - midfield - ridden 3f out - weakened from over 1f out(op 18/1)
2020-06-03,yarmouth,4:50,Betway Casino EBF Median Auction Maiden Fillies Stakes,,Class 5,,,3-5yo,F,1m,1763,1612,8f,Firm,1,9,9,4,16,31,Sung Choi Bao (GB),100/1,101.00,4,F,9-8,134,,1:41.51,Tim Clark,Jane Chapple-Hyam,54,,,,Casamento (IRE),Six Diamonds (GB),Exceed And Excel,Mrs Jane Chapple Hyam,Led - headed 2f out - soon weakened - eased final furlong (jockey said filly hung right-handed throughout and stopped quickly)(op 80/1)
2020-06-03,yarmouth,5:25,Betway Handicap,,Class 5,,0-70,3yo,,7f,1543,1411,7f,Firm,3,1,12,12,0,0,Inhalation (GB),7/1,8.00,3,G,9-4,130,,1:21.93,Hollie Doyle,Ed Vaughan,70,,,3493.26,Bated Breath (GB),Al Joudha (FR),Green Desert,C J Murfitt,Midfield - bumped after 2f - headway 3f out - ridden over 2f out - led over 1f out - ran on(op 13/2)
2020-06-03,yarmouth,5:25,Betway Handicap,,Class 5,,0-70,3yo,,7f,1543,1411,7f,Firm,7,2,12,2,2.75,2.75,Gladice (GB),8/1,9.00,3,F,9-3,129,,1:22.48,Silvestre De Sousa,Marco Botti,69,,,1039.50,Intello (GER),Amurra (GB),Oasis Dream,What A Time To Be Alive 1,Pressed leader - ridden over 2f out - kept on but no match for winner(op 11/1)
2020-06-03,yarmouth,5:25,Betway Handicap,,Class 5,,0-70,3yo,,7f,1543,1411,7f,Firm,12,3,12,9,0.2,3,Zulu Girl (GB),11/1,12.00,3,F,9-2,128,,1:22.57,Charles Bishop,Eve Johnson Houghton,68,,,519.48,Lethal Force (IRE),Upskittled (GB),Diktat,Trish Colin Fletcher Hall,Bumped start - soon led - ridden and headed 2f out - kept on(op 9/1)
2020-06-03,yarmouth,5:25,Betway Handicap,,Class 5,,0-70,3yo,,7f,1543,1411,7f,Firm,4,4,12,10,.5,3.5,Zim Baby (GB),8/1,9.00,3,F,9-1,127,,1:22.63,Theodore Ladd,Michael Appleby,70,,,259.74,Roderic OConnor (IRE),Kenyan Cat (GB),One Cool Cat,Fosnic Racing,Bumped start - raced freely - pressed leader - ridden and led 2f out - headed over 1f out - no extra towards finish(op 11/2)
2020-06-03,yarmouth,5:25,Betway Handicap,,Class 5,,0-70,3yo,,7f,1543,1411,7f,Firm,8,5,12,11,1.25,4.75,Ikebana (GB),6/1,7.00,3,F,9-3,129,,1:22.88,David Egan,Roger Varian,69,,,,Pivotal (GB),Sea The Bloom (GB),Sea The Stars,Cheveley Park Stud,Towards rear - ridden over 2f out - kept on but not pace to challenge(op 5/1 tchd 13/2)
2020-06-03,yarmouth,5:25,Betway Handicap,,Class 5,,0-70,3yo,,7f,1543,1411,7f,Firm,6,6,12,7,1.5,6.25,Robert Guiscard (IRE),9/2F,5.50,3,G,9-3,129,,1:23.18,Franny Norton,Mark Johnston,69,,,,Exceed And Excel (AUS),Beneventa (GB),Most Welcome,Kingsley Park 19   Ready To Run,Prominent - ridden and outpaced 3f out - always held
2020-06-03,yarmouth,5:25,Betway Handicap,,Class 5,,0-70,3yo,,7f,1543,1411,7f,Firm,9,7,12,5,0.3,6.5,Vintage Polly (IRE),16/1,17.00,3,F,9-2,128,,1:23.23,James Doyle,Hugo Palmer,68,,,,Gutaifan (IRE),Payphone (GB),Anabaa,R W Hill Smith,Midfield - switched right and ridden over 2f out - made no impression(tchd 20/1)
2020-06-03,yarmouth,5:25,Betway Handicap,,Class 5,,0-70,3yo,,7f,1543,1411,7f,Firm,10,8,12,1,1.5,8,Diva Kareem (IRE),12/1,13.00,3,F,8-13,125,,1:23.53,Cieren Fallon,George Baker,68,,,,Al Kazeem (GB),Pennard (IRE),High Chaparral,Ftp Equine Holdings Ltd,Midfield - ridden over 2f out - no extra from over 1f out(op 10/1 tchd 9/1)
2020-06-03,yarmouth,5:25,Betway Handicap,,Class 5,,0-70,3yo,,7f,1543,1411,7f,Firm,11,9,12,4,.75,8.75,Internationaltiger (GB),12/1,13.00,3,C,9-2,128,,1:23.68,Tony Hamilton,Richard Fahey,68,,,,Garswood (GB),Elusive Sue (USA),Elusive Quality,P D Smith Holdings Ltd,Never better than mid-division(op 14/1)
2020-06-03,yarmouth,5:25,Betway Handicap,,Class 5,,0-70,3yo,,7f,1543,1411,7f,Firm,1,10,12,6,.5,9.25,Morning Shadow (GB),7/1,8.00,3,F,9-4,130,,1:23.78,P J McDonald,Mark Johnston,70,,,,New Approach (IRE),Elle Shade (GB),Shamardal,Sheikh Hamdan Bin Mohammed Al Maktoum,Close up - ridden and weakened from 3f out(op 11/1)
2020-06-03,yarmouth,5:25,Betway Handicap,,Class 5,,0-70,3yo,,7f,1543,1411,7f,Firm,2,11,12,3,4.25,13.5,Barking Mad (GB),40/1,41.00,3,G,9-4,130,,1:24.63,Ben Curtis,David Evans,70,,,,Due Diligence (USA),Jules (IRE),Danehill,Spiers Hartwell Ltd Mrs E Evans,Slowly away - took keen hold - always towards rear(op 33/1)
2020-06-03,yarmouth,5:25,Betway Handicap,,Class 5,,0-70,3yo,,7f,1543,1411,7f,Firm,5,12,12,8,.5,14,Tyler Durden (IRE),33/1,34.00,3,G,9-3,129,ht1,1:24.73,Stevie Donohoe,Richard Spencer,69,,,,Bungle Inthejungle (GB),Starfleet (GB),Inchinor,Rebel Racing Iii,Always towards rear(op 20/1)
2020-06-03,yarmouth,6:00,Read Andrew Balding On Betway Insider Handicap,,Class 5,,0-75,4yo+,,7f,1543,1411,7f,Firm,9,1,10,9,0,0,Lalania (GB),16/1,17.00,5,M,9-3,129,,1:22.34,Hollie Doyle,William Stone,71,,,3493.26,Kheleyf (USA),Georges Gift (GB),Haafhd,Miss Caroline Scott,Close up - soon against near rail - ridden over 2f out - ran on to lead towards finish(tchd 18/1)
2020-06-03,yarmouth,6:00,Read Andrew Balding On Betway Insider Handicap,,Class 5,,0-75,4yo+,,7f,1543,1411,7f,Firm,2,2,10,3,.5,.5,Narak (GB),100/30F,4.33,4,F,9-6,132,,1:22.44,James Doyle,George Scott,74,,,1039.50,Dubawi (IRE),Chachamaidee (IRE),Footstepsinthesand,R A H Evans,Slowly away - recovered and prominent early - led 2f out - ridden over 1f out - headed towards finish(op 5/2)
2020-06-03,yarmouth,6:00,Read Andrew Balding On Betway Insider Handicap,,Class 5,,0-75,4yo+,,7f,1543,1411,7f,Firm,1,3,10,7,.75,1.25,Golden Force (GB),17/2,9.50,4,G,9-7,133,v1,1:22.59,Stevie Donohoe,Charlie Fellowes,75,,,519.48,Lethal Force (IRE),Malilla (IRE),Red Clubs,A M Mitchell,Led - ridden and headed 2f out - kept on until no extra towards finish(op 13/2 tchd 10/1)
2020-06-03,yarmouth,6:00,Read Andrew Balding On Betway Insider Handicap,,Class 5,,0-75,4yo+,,7f,1543,1411,7f,Firm,7,4,10,5,.75,2,Casina Di Notte (IRE),11/2,6.50,6,G,9-1,127,,1:22.74,Cieren Fallon,Marco Botti,72,,,259.74,Casamento (IRE),Nightswimmer (IRE),Noverre,Mrs Lucie Botti,Tracked leaders - ridden over 2f out - kept on but always held(op 7/1)
2020-06-03,yarmouth,6:00,Read Andrew Balding On Betway Insider Handicap,,Class 5,,0-75,4yo+,,7f,1543,1411,7f,Firm,10,4,10,4,0,2,Global Hope (IRE),11/1,12.00,5,G,9-1,127,p,1:22.74,Luke Morris,Gay Kelleway,69,,,,Oasis Dream (GB),Classic Remark (IRE),Dr Fong,M Walker N Scandrett Partners,Stumbled soon after start - raced freely - midfield - ridden 2f out - always held(op 16/1)
2020-06-03,yarmouth,6:00,Read Andrew Balding On Betway Insider Handicap,,Class 5,,0-75,4yo+,,7f,1543,1411,7f,Firm,3,6,10,8,0.1,2,Martineo (GB),15/2,8.50,5,G,9-3,129,,1:22.76,Darragh Keenan,John Butler,74,,,,Declaration Of War (USA),Woodland Scene (IRE),Act One,Power Geneva Ltd,Midfield - soon against near rail - going okay but not clear run repeatedly from over 2f out - eyecatcher (jockey said gelding was denied a clear run approximately two furlongs out)(op 7/1 tchd 17/2)
2020-06-03,yarmouth,6:00,Read Andrew Balding On Betway Insider Handicap,,Class 5,,0-75,4yo+,,7f,1543,1411,7f,Firm,4,7,10,10,1,3,Mr Top Hat (GB),16/1,17.00,5,G,9-5,131,,1:22.94,Hector Crouch,David Evans,73,,,,Helmet (AUS),Tut (IRE),Intikhab,B Mccabe Mrs E Evans,Never better than mid-division(op 22/1 tchd 25/1)
2020-06-03,yarmouth,6:00,Read Andrew Balding On Betway Insider Handicap,,Class 5,,0-75,4yo+,,7f,1543,1411,7f,Firm,8,8,10,2,0.05,3.25,Pacino (GB),12/1,13.00,4,G,9-4,130,,1:23.00,Tony Hamilton,Richard Fahey,72,,,,Heeraat (IRE),Ringtail (USA),Street Cry,Dr Marwan Koukash,Close up - ridden 2f out - weakened from 1f out(op 14/1)
2020-06-03,yarmouth,6:00,Read Andrew Balding On Betway Insider Handicap,,Class 5,,0-75,4yo+,,7f,1543,1411,7f,Firm,6,9,10,1,2,5.25,Mount Wellington (IRE),7/1,8.00,5,G,9-4,130,ht,1:23.39,P J McDonald,Stuart Williams,72,,,,Invincible Spirit (IRE),Marvada (IRE),Elusive City,Gg Thoroughbreds Ix,Slowly away - always towards rear(tchd 13/2)
2020-06-03,yarmouth,6:00,Read Andrew Balding On Betway Insider Handicap,,Class 5,,0-75,4yo+,,7f,1543,1411,7f,Firm,5,10,10,6,4,9.25,Lady Dauphin (IRE),7/1,8.00,4,F,9-5,131,,1:24.19,Jack Mitchell,Simon Pearce,73,,,,Bungle Inthejungle (GB),Chateau Dauphin (USA),First Defence,The Johnsons,Slowly away - always towards rear - eased towards finish(tchd 15/2)
